=== selftest_v01800_cp25_altitude_gate_hotfix1.py rc=0 duration=2.223s ===
PASS: central activation policy source exists
PASS: terrain awareness source exists
PASS: terrain tile system source exists
PASS: terrain raster worker source exists
PASS: GPU rasterizer source exists
PASS: GPU renderer source exists
PASS: navigation display source exists
PASS: flight instrument source exists
PASS: C# project source exists
PASS: Ubuntu build entrypoint exists
PASS: CP2.5 acceptance runner exists
PASS: reactivation boundary is strictly below 39.5 km ASL
PASS: deactivation boundary is at or above 40.5 km ASL
PASS: upper altitude boundary uses inclusive OFF comparison
PASS: lower altitude boundary uses strict ON comparison
PASS: middle altitude band explicitly preserves prior activation state
PASS: first evaluation in the hysteresis band uses deterministic initialization
PASS: terrain awareness owns the single central viewport policy
PASS: terrain awareness evaluates ASL activation once per runtime tick
PASS: central activation result is passed to the tile system
PASS: altitude OFF is enforced before any legacy PQS terrain sampling
PASS: activation transitions are observable in the AERIS log
PASS: tile system has an explicit flight-viewport activation input
PASS: Preload Builder continues before the flight viewport altitude gate
PASS: altitude OFF reports that Preload Builder remains active
PASS: suspension removes desired viewport work and reconciles queued I/O
PASS: stale flight fallback work cannot commit while viewport is OFF
PASS: CaptureVisible cannot publish stale terrain while viewport is OFF
PASS: legacy terrain raster job is cancelled on altitude transition
PASS: GPU mesh preparation state is cancelled and cleared
PASS: GPU meshes and RenderTexture resources are released on altitude OFF
PASS: navigation display has a transition lifecycle gate
PASS: navigation display stops CPU and GPU terrain workers on transition
PASS: navigation and traffic snapshots are cleared
PASS: published PQS grid is discarded on OFF transition to prevent stale reactivation
PASS: ND draw has an independent hard guard
PASS: flight instrument consumes the central activation state
PASS: ND panel and all internal runway/airport/LAND layers are hidden by altitude gate
PASS: FDI visibility remains independent from the Terrain altitude gate
PASS: central policy is included in xbuild project
PASS: native build entrypoint runs CP2.5 acceptance
PASS: native build identity exposes CP2.5 altitude gate
PASS: Track A source contains no Track B curated runway integration
[v0.18.0.0 CP2.5 altitude gate hotfix 1] 43/43 PASS

=== selftest_v01800_cp25_quality_migration_hotfix1.py rc=0 duration=1.765s ===
PASS: Source/AERISFlightControl/Settings/AERISSettings.cs exists
PASS: Source/AERISFlightControl/Terrain/AERISTerrainPerformance.cs exists
PASS: Source/AERISFlightControl/UI/AERISWindow.cs exists
PASS: GameData/AERISFlightControl/Config/AERISSettings.cfg exists
PASS: Source/AERISFlightControl/Properties/AERISBuildVersion.generated.cs exists
PASS: build_ubuntu.sh exists
PASS: Tools/run_v01800_cp25_acceptance.py exists
PASS: quality enum is AUTO / LOW / MEDIUM / HIGH plus developer-only LAND
PASS: one-time quality model revision is loaded and persisted
PASS: legacy settings are migrated once and saved
PASS: AUTO legacy token is recognized
PASS: AUTO migrates to the required CP2.5 setting
PASS: ECO legacy token is recognized
PASS: ECO migrates to the required CP2.5 setting
PASS: BALANCED legacy token is recognized
PASS: BALANCED migrates to the required CP2.5 setting
PASS: HIGH legacy token is recognized
PASS: HIGH migrates to the required CP2.5 setting
PASS: ULTRA legacy token is recognized
PASS: ULTRA migrates to the required CP2.5 setting
PASS: legacy or stray LAND never enables developer LAND during migration
PASS: migration is observable in the AERIS log
PASS: normal Terrain quality selector exposes exactly four public choices
PASS: normal Terrain quality selector contains no legacy or LAND label
PASS: developer LAND selection cannot masquerade as a normal public option
PASS: runtime profiles use LOW / MEDIUM / HIGH / LAND names
PASS: AUTO recovery is hard-capped at HIGH and cannot enter LAND
PASS: settings map deterministically to the four runtime profiles
PASS: LAND runtime quality is available only from the diagnostics/developer surface
PASS: normal preload body selector excludes LAND
PASS: developer surface retains explicit per-body LAND detail control
PASS: Gate 2 does not claim LAND request separation
PASS: fresh configuration starts at quality model revision 1 in AUTO
PASS: identity preserves Gate 1 while exposing Gate 2
PASS: CP2.5 acceptance runner includes Gate 2
PASS: quality migration adds no FlightInputHandler authority/content
PASS: quality migration adds no MainThrottle authority/content
PASS: quality migration adds no RunwayMasterCorrection authority/content
PASS: quality migration adds no CURATED_RUNWAY_GEODETIC_DEFAULTS authority/content
[v0.18.0.0 CP2.5 quality migration hotfix 1] 39/39 PASS

=== verify_v01800_gate0_static.py rc=0 duration=3.169s ===
PASS: VERSION is v0.18.0.0
PASS: KSP version JSON matches VERSION
PASS: generated assembly version matches VERSION
PASS: every csproj Compile item exists
PASS: Performance Runtime source is compiled: Performance\AERISRuntimeGeneration.cs
PASS: Performance Runtime source is compiled: Performance\AERISWorkerScheduler.cs
PASS: Performance Runtime source is compiled: Performance\AERISCanonicalSnapshot.cs
PASS: Performance Runtime source is compiled: Performance\AERISGpuAssistBackend.cs
PASS: Performance Runtime source is compiled: Performance\AERISPerformanceRuntime.cs
PASS: Performance Runtime source is compiled: Performance\AERISBackgroundFileWriter.cs
PASS: Performance Runtime source is compiled: Performance\AERISInstrumentPipeline.cs
PASS: generation identity field exists: SceneGeneration
PASS: generation identity field exists: VesselPersistentId
PASS: generation identity field exists: VesselInstanceGeneration
PASS: generation identity field exists: BodyId
PASS: generation identity field exists: ControlPointRevision
PASS: generation identity field exists: DockingSeparationRevision
PASS: generation identity field exists: RunwayDatabaseRevision
PASS: generation identity field exists: RunwaySelectionRevision
PASS: generation identity field exists: FlightPlanRevision
PASS: generation identity field exists: DisplayLayoutRevision
PASS: generation identity field exists: Sequence
PASS: generation identity field exists: MonotonicTimestamp
PASS: commit generation match gate: scene == value.SceneGeneration
PASS: commit generation match gate: vesselId == value.VesselPersistentId
PASS: commit generation match gate: vesselInstance == value.VesselInstanceGeneration
PASS: commit generation match gate: runwayDatabase == value.RunwayDatabaseRevision
PASS: commit generation match gate: displayLayout == value.DisplayLayoutRevision
PASS: scheduler contract: Math.Ceiling(LogicalProcessors * 0.15)
PASS: scheduler contract: Math.Max(2, LogicalProcessors - ReservedProcessors)
PASS: scheduler contract: configuredWorkers > 0 ? Math.Max(2, configuredWorkers)
PASS: scheduler contract: latestJobIds
PASS: scheduler contract: IsLatestLocked
PASS: scheduler contract: GenerationBound
PASS: scheduler contract: Capacity = 64
PASS: scheduler contract: Capacity = 128
PASS: scheduler contract: results.Count >= 256
PASS: scheduler contract: SafetyReservedPermits
PASS: scheduler contract: ArchivePaused
PASS: scheduler contract: STABLE RECOVERY +1
PASS: scheduler contract: WRITER BACKLOG BACKOFF
PASS: scheduler contract: GPU FRAME BACKOFF
PASS: adaptive permit policy is safely published to worker threads
PASS: worker count has no fixed 12-thread ceiling
PASS: scheduler never synchronously waits on the main thread
PASS: AERISRunwayCertificationWorker.cs worker boundary excludes FlightGlobals
PASS: AERISRunwayCertificationWorker.cs worker boundary excludes FlightCtrlState
PASS: AERISRunwayCertificationWorker.cs worker boundary excludes GameObject
PASS: AERISRunwayCertificationWorker.cs worker boundary excludes Texture2D
PASS: AERISRunwayCertificationWorker.cs worker boundary excludes CelestialBody
PASS: AERISRunwayCertificationWorker.cs worker boundary excludes UnityEngine.Object
PASS: AERISTerrainRasterWorker.cs worker boundary excludes FlightGlobals
PASS: AERISTerrainRasterWorker.cs worker boundary excludes FlightCtrlState
PASS: AERISTerrainRasterWorker.cs worker boundary excludes GameObject
PASS: AERISTerrainRasterWorker.cs worker boundary excludes Texture2D
PASS: AERISTerrainRasterWorker.cs worker boundary excludes CelestialBody
PASS: AERISTerrainRasterWorker.cs worker boundary excludes UnityEngine.Object
PASS: AERISInstrumentPipeline.cs worker boundary excludes FlightGlobals
PASS: AERISInstrumentPipeline.cs worker boundary excludes FlightCtrlState
PASS: AERISInstrumentPipeline.cs worker boundary excludes GameObject
PASS: AERISInstrumentPipeline.cs worker boundary excludes Texture2D
PASS: AERISInstrumentPipeline.cs worker boundary excludes CelestialBody
PASS: AERISInstrumentPipeline.cs worker boundary excludes UnityEngine.Object
PASS: ordered writer contract: QueueCapacity = 8192
PASS: ordered writer contract: ReservedControlSlots = 64
PASS: ordered writer contract: EvictLowerPriorityLocked
PASS: ordered writer contract: FirstDroppedSequence
PASS: ordered writer contract: MarkChannelUnsealableLocked
PASS: ordered writer contract: SealSession
PASS: ordered writer contract: stopWhenDrained
PASS: ordered writer contract: accepting = false
PASS: ordered writer contract: AERISCsvField
PASS: ordered writer contract: EncodeP95Milliseconds
PASS: failed stream disposal is isolated from the producer queue lock
PASS: writer percentile sorting does not hold the producer queue lock
PASS: disk stream ownership is centralized
PASS: public AA protected fields have a consistently accessible channel type
PASS: Logging/AERISLogger.cs performs no synchronous stream/file write
PASS: Recording/AERISFlightDataRecorder.cs performs no synchronous stream/file write
PASS: AA/BackgroundThread.cs performs no synchronous stream/file write
PASS: AA/Modules/AngularAccAdaptiveController.cs performs no synchronous stream/file write
PASS: archive integrity contract: ArchiveCompression
PASS: archive integrity contract: PendingCapacity = 64
PASS: archive integrity contract: ResultCapacity = 256
PASS: archive integrity contract: ArchiveIoSync
PASS: archive integrity contract: context.ThrowIfStale()
PASS: archive integrity contract: VerifyArchive
PASS: archive integrity contract: entry/source content mismatch
PASS: archive integrity contract: File.Move(temporaryPath, finalPath)
PASS: archive integrity contract: TryDeleteSource
PASS: archive integrity contract: raw data retained
PASS: archive uses the shared bounded scheduler
PASS: KSP main path has no blocking call: .Wait(
PASS: KSP main path has no blocking call: .Result
PASS: KSP main path has no blocking call: .Join(
PASS: bootstrap runtime integration: Performance.Tick
PASS: bootstrap runtime integration: SyncRuntimeRevisions
PASS: bootstrap runtime integration: PublishCanonicalSnapshot
PASS: bootstrap runtime integration: ResetAutomationState("shutdown",true)
PASS: bootstrap runtime integration: AERISBackgroundFileWriter.ShutdownNoWait
PASS: performance launch policy is loaded before runtime construction
PASS: persisted worker/GPU acceptance policy reaches runtime construction
PASS: performance launch setting contract: PerformanceWorkerOverride
PASS: performance launch setting contract: PerformanceGpuAccelerationEnabled
PASS: performance launch setting contract: NormalizeWorkerOverride
PASS: performance launch setting contract: performanceWorkerOverride
PASS: performance launch setting contract: performanceGpuAccelerationEnabled
PASS: factory CFG uses AUTO workers and permits optional GPU assist
PASS: minimum-resource acceptance mode is user-selectable and restart-scoped
PASS: AIRFIELDS detail comparison resolves System.StringComparison explicitly
PASS: AIRFIELDS page exposes the full reload result
PASS: stock KSP facilities use independent stable identities
PASS: registry separates provider-site identity from KK/SLE airport grouping
PASS: provider identity and runtime geometry signatures are separately published
PASS: sub-metre compatibility cache has a new algorithm version
PASS: canonical source cache fingerprint contract: StableProviderFingerprintIdentity(record)
PASS: canonical source cache fingerprint contract: CanonicalSourceGeometryFingerprint(record)
PASS: canonical source cache fingerprint contract: AppendCanonicalPlacement(builder, record, frame)
PASS: canonical source cache fingerprint contract: AppendSurveyDefinition(builder, definition)
PASS: canonical source cache fingerprint contract: MeshAssetIdentity(root.transform, filters[i])
PASS: canonical source cache fingerprint contract: ColliderAssetIdentity(root.transform,
PASS: canonical source cache fingerprint contract: components.Sort(StringComparer.Ordinal)
PASS: cache key excludes live/LOD geometry input: BuildPrimitiveAggregate(primitives
PASS: cache key excludes live/LOD geometry input: BuildPointAggregate(points
PASS: cache key excludes live/LOD geometry input: frame.PqsElevation
PASS: cache key excludes live/LOD geometry input: frame.PqsSampled
PASS: canonical source key avoids planet-scale world-matrix cancellation
PASS: provider-authored placement is preferred over runtime fallback
PASS: strict sub-metre compatibility contract: CurrentSchemaVersion = 8
PASS: strict sub-metre compatibility contract: PreviousSchemaVersion = 7
PASS: strict sub-metre compatibility contract: TryGetSubMetreCompatible
PASS: strict sub-metre compatibility contract: MaximumHorizontalMeters = 0.50
PASS: strict sub-metre compatibility contract: MaximumVerticalMeters = 0.10
PASS: strict sub-metre compatibility contract: MaximumHeadingDegrees = 0.02
PASS: strict sub-metre compatibility contract: MaximumScaleDelta = 0.0005
PASS: strict sub-metre compatibility contract: SourceFingerprint = snapshot.SourceFingerprint
PASS: strict sub-metre compatibility contract: Add(node, "sourceFingerprint", record.SourceFingerprint)
PASS: source/placement split integration: BuildSourceFingerprint(record
PASS: source/placement split integration: SourceFingerprint = sourceFingerprint
PASS: source/placement split integration: sub-metre compatible hit
PASS: source/placement split integration: CERTIFIED CACHE HIT — SUB-METRE PROVIDER FRAME COMPATIBILITY
PASS: restart-stable provider identity excludes LatitudeDeg
PASS: restart-stable provider identity excludes LongitudeDeg
PASS: restart-stable provider identity excludes ElevationMeters
PASS: restart-stable provider identity excludes OrientationHeadingDeg
PASS: restart-stable provider identity excludes DeclaredLengthMeters
PASS: restart-stable provider identity excludes DeclaredWidthMeters
PASS: restart-stable provider identity excludes RuntimeModelScale
PASS: restart-stable provider identity excludes QuantizedSignatureNumber
PASS: shared provider cache identity: internal static class AERISProviderIdentity
PASS: shared provider cache identity: hasStableProviderFields
PASS: shared provider cache identity: uuidFallback
PASS: shared provider cache identity: ComposeStableRecordId
PASS: shared provider cache identity: normalizedPath
PASS: shared provider identity helper is compiled
PASS: schema-6 load compacts volatile provider UUID aliases
PASS: schema migration rewrites embedded runway/direction stable IDs
PASS: unqualified StringComparison uses import the System namespace
PASS: required performance telemetry: frame_p95_ms
PASS: required performance telemetry: aeris_main_p95_ms
PASS: required performance telemetry: snapshot_capture_p95_ms
PASS: required performance telemetry: commit_drain_p95_ms
PASS: required performance telemetry: runway_worker_p95_ms
PASS: required performance telemetry: terrain_worker_p95_ms
PASS: required performance telemetry: instrument_worker_p95_ms
PASS: required performance telemetry: writer_encode_p95_ms
PASS: required performance telemetry: archive_deferred
PASS: required performance telemetry: gc_positive_delta_ema_bytes
PASS: adaptive main-thread cost includes asynchronous result commits
PASS: snapshot capture cost is sampled once instead of repeated on idle frames
PASS: diagnostics reuse 1 Hz telemetry snapshots without per-frame sorting
PASS: runtime publication is cross-thread visible and old instances cannot clear new ones
PASS: prepared display geometry is externally immutable
PASS: terrain raster input/allocation guard: byteCountLong > 64L * 1024L * 1024L
PASS: terrain raster input/allocation guard: !Finite(request.AircraftAltitudeAslMeters)
PASS: terrain raster input/allocation guard: Finite(neighbourElevation)
PASS: GPU assist/fallback contract: supportsComputeShaders
PASS: GPU assist/fallback contract: CPU FALLBACK
PASS: GPU assist/fallback contract: DisableAndFallback
PASS: GPU assist/fallback contract: CPU EXACT VALIDATION
PASS: reference BANK roll-in/pre-brake/zero-rate law is byte-identical
PASS: LAND observation layer remains control-free: FlightCtrlState
PASS: LAND observation layer remains control-free: MainThrottle
PASS: LAND observation layer remains control-free: wheelThrottle
PASS: LAND observation layer remains control-free: wheelSteer
PASS: LAND observation layer remains control-free: ApplyAaNative
PASS: LAND observation layer remains control-free: .SetArmed(
PASS: legacy NAV remains absent: AERISNavDirector
PASS: legacy NAV remains absent: AERISRouteSpeedPlanner
PASS: legacy NAV remains absent: AERISTrajectoryPrimitives
PASS: legacy NAV remains absent: TryStartNavLanding
PASS: legacy NAV remains absent: NAV_LANDING
PASS: all C# files have balanced lexical structure
PASS: source package contains no compiled/cache artifact
[v0.18.0.0 Gate 0 static verification] 194/194 PASS

=== verify_v01800_cp1_static.py rc=0 duration=2.458s ===
PASS: VERSION is v0.18.0.0
PASS: generated display identifies CP1 or a later checkpoint
PASS: every csproj Compile item exists
PASS: CP1 navigation pipeline is in the project
PASS: Source/AERISFlightControl/UI/AERISNavigationDisplay.cs brace balance
PASS: Source/AERISFlightControl/UI/AERISNavigationDisplay.cs parenthesis balance
PASS: Source/AERISFlightControl/Performance/AERISNavigationDisplayPipeline.cs brace balance
PASS: Source/AERISFlightControl/Performance/AERISNavigationDisplayPipeline.cs parenthesis balance
PASS: Source/AERISFlightControl/Performance/AERISPerformanceRuntime.cs brace balance
PASS: Source/AERISFlightControl/Performance/AERISPerformanceRuntime.cs parenthesis balance
PASS: Source/AERISFlightControl/Performance/AERISWorkerScheduler.cs brace balance
PASS: Source/AERISFlightControl/Performance/AERISWorkerScheduler.cs parenthesis balance
PASS: Source/AERISFlightControl/Terrain/AERISTerrainPerformance.cs brace balance
PASS: Source/AERISFlightControl/Terrain/AERISTerrainPerformance.cs parenthesis balance
PASS: Source/AERISFlightControl/Settings/AERISSettings.cs brace balance
PASS: Source/AERISFlightControl/Settings/AERISSettings.cs parenthesis balance
PASS: BANK source remains byte-identical
PASS: legacy NAV remains absent: class AERISNavDirector
PASS: legacy NAV remains absent: class AERISRouteSpeedPlanner
PASS: legacy NAV remains absent: class AERISTrajectoryPrimitives
PASS: legacy NAV remains absent: TryStartNavLanding
PASS: LAND foundation remains control-free: FlightCtrlState
PASS: LAND foundation remains control-free: MainThrottle
PASS: LAND foundation remains control-free: wheelThrottle
PASS: LAND foundation remains control-free: wheelSteer
PASS: LAND foundation remains control-free: ApplyAaNative
PASS: LAND foundation remains control-free: .SetArmed(
PASS: source package contains no binaries/debug/python cache
[v0.18.0.0 CP1 static package verification] 28/28 PASS

=== verify_v01800_cp2_static.py rc=0 duration=1.685s ===
PASS: VERSION is v0.18.0.0
PASS: generated display identifies CP2 absolute geodetic endpoint build entrypoint hotfix 1
PASS: every csproj Compile item exists
PASS: Source/AERISFlightControl/Terrain/AERISTerrainTileContracts.cs brace balance
PASS: Source/AERISFlightControl/Terrain/AERISTerrainTileContracts.cs parenthesis balance
PASS: Source/AERISFlightControl/Terrain/AERISTerrainTileContracts.cs bracket balance
PASS: Source/AERISFlightControl/Terrain/AERISTerrainTileCache.cs brace balance
PASS: Source/AERISFlightControl/Terrain/AERISTerrainTileCache.cs parenthesis balance
PASS: Source/AERISFlightControl/Terrain/AERISTerrainTileCache.cs bracket balance
PASS: Source/AERISFlightControl/Terrain/AERISTerrainTileSystem.cs brace balance
PASS: Source/AERISFlightControl/Terrain/AERISTerrainTileSystem.cs parenthesis balance
PASS: Source/AERISFlightControl/Terrain/AERISTerrainTileSystem.cs bracket balance
PASS: Source/AERISFlightControl/Terrain/AERISTerrainCoastlinePolicy.cs brace balance
PASS: Source/AERISFlightControl/Terrain/AERISTerrainCoastlinePolicy.cs parenthesis balance
PASS: Source/AERISFlightControl/Terrain/AERISTerrainCoastlinePolicy.cs bracket balance
PASS: Source/AERISFlightControl/Terrain/AERISTerrainGpuTileRasterizer.cs brace balance
PASS: Source/AERISFlightControl/Terrain/AERISTerrainGpuTileRasterizer.cs parenthesis balance
PASS: Source/AERISFlightControl/Terrain/AERISTerrainGpuTileRasterizer.cs bracket balance
PASS: Source/AERISFlightControl/Terrain/AERISTerrainGpuTileRenderer.cs brace balance
PASS: Source/AERISFlightControl/Terrain/AERISTerrainGpuTileRenderer.cs parenthesis balance
PASS: Source/AERISFlightControl/Terrain/AERISTerrainGpuTileRenderer.cs bracket balance
PASS: Source/AERISFlightControl/Terrain/AERISTerrainPerformance.cs brace balance
PASS: Source/AERISFlightControl/Terrain/AERISTerrainPerformance.cs parenthesis balance
PASS: Source/AERISFlightControl/Terrain/AERISTerrainPerformance.cs bracket balance
PASS: Source/AERISFlightControl/Terrain/AERISTerrainAwareness.cs brace balance
PASS: Source/AERISFlightControl/Terrain/AERISTerrainAwareness.cs parenthesis balance
PASS: Source/AERISFlightControl/Terrain/AERISTerrainAwareness.cs bracket balance
PASS: Source/AERISFlightControl/Terrain/AERISTerrainPreloadContracts.cs brace balance
PASS: Source/AERISFlightControl/Terrain/AERISTerrainPreloadContracts.cs parenthesis balance
PASS: Source/AERISFlightControl/Terrain/AERISTerrainPreloadContracts.cs bracket balance
PASS: Source/AERISFlightControl/Terrain/AERISTerrainPreloadCodec.cs brace balance
PASS: Source/AERISFlightControl/Terrain/AERISTerrainPreloadCodec.cs parenthesis balance
PASS: Source/AERISFlightControl/Terrain/AERISTerrainPreloadCodec.cs bracket balance
PASS: Source/AERISFlightControl/Terrain/AERISTerrainPreloadDatabase.cs brace balance
PASS: Source/AERISFlightControl/Terrain/AERISTerrainPreloadDatabase.cs parenthesis balance
PASS: Source/AERISFlightControl/Terrain/AERISTerrainPreloadDatabase.cs bracket balance
PASS: Source/AERISFlightControl/Terrain/AERISTerrainPreloadBuilder.cs brace balance
PASS: Source/AERISFlightControl/Terrain/AERISTerrainPreloadBuilder.cs parenthesis balance
PASS: Source/AERISFlightControl/Terrain/AERISTerrainPreloadBuilder.cs bracket balance
PASS: Source/AERISFlightControl/Terrain/AERISTerrainBlockPipeline.cs brace balance
PASS: Source/AERISFlightControl/Terrain/AERISTerrainBlockPipeline.cs parenthesis balance
PASS: Source/AERISFlightControl/Terrain/AERISTerrainBlockPipeline.cs bracket balance
PASS: Source/AERISFlightControl/UI/AERISNavigationDisplay.cs brace balance
PASS: Source/AERISFlightControl/UI/AERISNavigationDisplay.cs parenthesis balance
PASS: Source/AERISFlightControl/UI/AERISNavigationDisplay.cs bracket balance
PASS: Source/AERISFlightControl/UI/ToolbarBridge.cs brace balance
PASS: Source/AERISFlightControl/UI/ToolbarBridge.cs parenthesis balance
PASS: Source/AERISFlightControl/UI/ToolbarBridge.cs bracket balance
PASS: Source/AERISFlightControl/UI/AERISWindow.cs brace balance
PASS: Source/AERISFlightControl/UI/AERISWindow.cs parenthesis balance
PASS: Source/AERISFlightControl/UI/AERISWindow.cs bracket balance
PASS: Source/AERISFlightControl/UI/AERISFlightInstrument.cs brace balance
PASS: Source/AERISFlightControl/UI/AERISFlightInstrument.cs parenthesis balance
PASS: Source/AERISFlightControl/UI/AERISFlightInstrument.cs bracket balance
PASS: Source/AERISFlightControl/Settings/AERISSettings.cs brace balance
PASS: Source/AERISFlightControl/Settings/AERISSettings.cs parenthesis balance
PASS: Source/AERISFlightControl/Settings/AERISSettings.cs bracket balance
PASS: Source/AERISFlightControl/Settings/AERISNavigationDisplayProfileStore.cs brace balance
PASS: Source/AERISFlightControl/Settings/AERISNavigationDisplayProfileStore.cs parenthesis balance
PASS: Source/AERISFlightControl/Settings/AERISNavigationDisplayProfileStore.cs bracket balance
PASS: Source/AERISFlightControl/Performance/AERISPerformanceRuntime.cs brace balance
PASS: Source/AERISFlightControl/Performance/AERISPerformanceRuntime.cs parenthesis balance
PASS: Source/AERISFlightControl/Performance/AERISPerformanceRuntime.cs bracket balance
PASS: Source/AERISFlightControl/Performance/AERISNavigationTrafficPipeline.cs brace balance
PASS: Source/AERISFlightControl/Performance/AERISNavigationTrafficPipeline.cs parenthesis balance
PASS: Source/AERISFlightControl/Performance/AERISNavigationTrafficPipeline.cs bracket balance
PASS: Source/AERISFlightControl/Integrations/AERISWindProviderApi.cs brace balance
PASS: Source/AERISFlightControl/Integrations/AERISWindProviderApi.cs parenthesis balance
PASS: Source/AERISFlightControl/Integrations/AERISWindProviderApi.cs bracket balance
PASS: BANK source remains byte-identical
PASS: legacy NAV remains absent: class AERISNavDirector
PASS: legacy NAV remains absent: class AERISRouteSpeedPlanner
PASS: legacy NAV remains absent: class AERISTrajectoryPrimitives
PASS: legacy NAV remains absent: TryStartNavLanding
PASS: LAND foundation remains control-free: FlightCtrlState
PASS: LAND foundation remains control-free: MainThrottle
PASS: LAND foundation remains control-free: wheelThrottle
PASS: LAND foundation remains control-free: wheelSteer
PASS: LAND foundation remains control-free: ApplyAaNative
PASS: LAND foundation remains control-free: .SetArmed(
PASS: source package contains no binary/debug/python cache
PASS: source package excludes runtime/build tree: GameData/AERISFlightControl/PluginData/TerrainCache
PASS: source package excludes runtime/build tree: GameData/AERISFlightControl/PluginData/TerrainPreloadDatabase
PASS: source package excludes runtime/build tree: Source/AERISFlightControl/bin
PASS: source package excludes runtime/build tree: Source/AERISFlightControl/obj
PASS: current CP2 Preload document exists: README.md
PASS: current CP2 Preload document exists: Docs/CP2_PRELOAD_TERRAIN_INTEGRATION_v0.18.0.0_ja.md
PASS: current CP2 Preload document exists: Docs/CP2_PRELOAD_STATUS_TOOLBAR_v0.18.0.0_ja.md
PASS: current CP2 Preload document exists: Docs/CP2_PRELOAD_STATUS_TOOLBAR_COMPILE_HOTFIX_1_v0.18.0.0_ja.md
PASS: current CP2 Preload document exists: Docs/CP2_FIELD_RENDER_CONSISTENCY_HOTFIX_1_v0.18.0.0_ja.md
PASS: current CP2 Preload document exists: Docs/RUNTIME_EVIDENCE_ANALYSIS_2026-07-24_ja.md
PASS: current CP2 Preload document exists: Docs/CODE_AUDIT_v0.18.0.0_CP2_FIELD_RENDER_HOTFIX1_ja.md
PASS: current CP2 Preload document exists: Docs/ND_CP2_PRELOAD_TERRAIN_TEST_CARD_v0.18.0.0_ja.md
PASS: current CP2 Preload document exists: Docs/DEVELOPMENT_CHECKPOINT_v0.18.0.0_CP2_ja.md
PASS: current CP2 Preload document exists: Docs/HANDOVER_AERIS13_v0.18.0.0_CP2_FIELD_RENDER_HOTFIX1_ja.md
PASS: current CP2 Preload document exists: Docs/ROADMAP_CURRENT_AERIS13_v0.18.0.0_ja.md
PASS: current CP2 Preload document exists: Docs/NEXT_CHAT_START_HERE_ja.txt
PASS: current CP2 Preload document exists: Evidence/AERIS13_INPUT_EVIDENCE_INDEX_2026-07-25.txt
PASS: current CP2 Preload document exists: Evidence/SOURCE_DIFF_AUDIT_v0.18.0.0_CP2_FIELD_RENDER_HOTFIX1.txt
PASS: current CP2 Preload document exists: ACCEPTANCE_v0.18.0.0_CP2_FIELD_RENDER_CONSISTENCY_HOTFIX1.txt
PASS: current CP2 Preload document exists: Docs/CP2_ALIGNMENT_DIAGNOSTIC_HOTFIX_1_v0.18.0.0_ja.md
PASS: current CP2 Preload document exists: Docs/ND_CP2_ALIGNMENT_DIAGNOSTIC_TEST_CARD_v0.18.0.0_ja.md
PASS: current CP2 Preload document exists: Docs/HANDOVER_AERIS14_v0.18.0.0_CP2_ALIGNMENT_DIAGNOSTIC_HOTFIX1_ja.md
PASS: current CP2 Preload document exists: Evidence/AERIS14_VIDEO_LOG_REVIEW_2026-07-25.txt
PASS: current CP2 Preload document exists: Evidence/SOURCE_DIFF_AUDIT_v0.18.0.0_CP2_ALIGNMENT_DIAGNOSTIC_HOTFIX1.txt
PASS: current CP2 Preload document exists: ACCEPTANCE_v0.18.0.0_CP2_ALIGNMENT_DIAGNOSTIC_HOTFIX1.txt
PASS: current CP2 Preload document exists: Docs/CP2_RUNWAY_TERRAIN_SAFETY_HOTFIX_1_v0.18.0.0_ja.md
PASS: current CP2 Preload document exists: Docs/ND_CP2_RUNWAY_TERRAIN_SAFETY_TEST_CARD_v0.18.0.0_ja.md
PASS: current CP2 Preload document exists: Docs/HANDOVER_AERIS14_v0.18.0.0_CP2_RUNWAY_TERRAIN_SAFETY_HOTFIX1_ja.md
PASS: current CP2 Preload document exists: Evidence/AERIS14_RUNWAY_TERRAIN_SAFETY_FINDINGS_2026-07-25.txt
PASS: current CP2 Preload document exists: Evidence/SOURCE_DIFF_AUDIT_v0.18.0.0_CP2_RUNWAY_TERRAIN_SAFETY_HOTFIX1.txt
PASS: current CP2 Preload document exists: ACCEPTANCE_v0.18.0.0_CP2_RUNWAY_TERRAIN_SAFETY_HOTFIX1.txt
PASS: current CP2 Preload document exists: Docs/CP2_CLOSURE_CANDIDATE_1_v0.18.0.0_ja.md
PASS: current CP2 Preload document exists: Docs/ND_CP2_RUNWAY_MAP_LOCK_TEST_CARD_v0.18.0.0_ja.md
PASS: current CP2 Preload document exists: Docs/HANDOVER_AERIS14_v0.18.0.0_CP2_CLOSURE_CANDIDATE1_ja.md
PASS: current CP2 Preload document exists: Evidence/AERIS14_CP2_CLOSURE_FINDINGS_2026-07-25.txt
PASS: current CP2 Preload document exists: Evidence/SOURCE_DIFF_AUDIT_v0.18.0.0_CP2_CLOSURE_CANDIDATE1.txt
PASS: current CP2 Preload document exists: ACCEPTANCE_v0.18.0.0_CP2_CLOSURE_CANDIDATE1.txt
PASS: current CP2 Preload document exists: Docs/CP2_RUNWAY_MAP_LOCK_HOTFIX_2_PRELOAD_FAST_PATH_1_v0.18.0.0_ja.md
PASS: current CP2 Preload document exists: Docs/ND_CP2_RUNWAY_MAP_LOCK_HOTFIX_2_PRELOAD_FAST_PATH_1_TEST_CARD_v0.18.0.0_ja.md
PASS: current CP2 Preload document exists: Docs/HANDOVER_AERIS14_v0.18.0.0_CP2_RUNWAY_MAP_LOCK_HOTFIX2_PRELOAD_FASTPATH1_ja.md
PASS: current CP2 Preload document exists: Evidence/SOURCE_DIFF_AUDIT_v0.18.0.0_CP2_RUNWAY_MAP_LOCK_HOTFIX2_PRELOAD_FASTPATH1.txt
PASS: current CP2 Preload document exists: ACCEPTANCE_v0.18.0.0_CP2_RUNWAY_MAP_LOCK_HOTFIX2_PRELOAD_FASTPATH1.txt
PASS: current CP2 Preload document exists: Docs/ND_CP2_RUNWAY_PRESENTATION_UI_HOTFIX_1_TEST_CARD_v0.18.0.0_ja.md
PASS: current CP2 Preload document exists: Docs/HANDOVER_AERIS14_v0.18.0.0_CP2_RUNWAY_PRESENTATION_UI_HOTFIX1_ja.md
PASS: current CP2 Preload document exists: Evidence/AERIS14_RUNWAY_PRESENTATION_UI_FINDINGS_2026-07-25.txt
PASS: current CP2 Preload document exists: ACCEPTANCE_v0.18.0.0_CP2_RUNWAY_PRESENTATION_UI_HOTFIX1.txt
PASS: current CP2 Preload document exists: Docs/ND_CP2_KK_RUNWAY_ABSOLUTE_REGISTRATION_HOTFIX_1_TEST_CARD_v0.18.0.0_ja.md
PASS: current CP2 Preload document exists: Docs/HANDOVER_AERIS14_v0.18.0.0_CP2_KK_RUNWAY_ABSOLUTE_REGISTRATION_HOTFIX1_ja.md
PASS: current CP2 Preload document exists: Evidence/SOURCE_DIFF_AUDIT_v0.18.0.0_CP2_KK_RUNWAY_ABSOLUTE_REGISTRATION_HOTFIX1.txt
PASS: current CP2 Preload document exists: ACCEPTANCE_v0.18.0.0_CP2_KK_RUNWAY_ABSOLUTE_REGISTRATION_HOTFIX1.txt
PASS: current CP2 Preload document exists: Docs/CP2_KK_RUNWAY_AXIS_REGISTRATION_HOTFIX_1_v0.18.0.0_ja.md
PASS: current CP2 Preload document exists: Docs/ND_CP2_KK_RUNWAY_AXIS_REGISTRATION_HOTFIX_1_TEST_CARD_v0.18.0.0_ja.md
PASS: current CP2 Preload document exists: Docs/HANDOVER_AERIS14_v0.18.0.0_CP2_KK_RUNWAY_AXIS_REGISTRATION_HOTFIX1_ja.md
PASS: current CP2 Preload document exists: Evidence/SOURCE_DIFF_AUDIT_v0.18.0.0_CP2_KK_RUNWAY_AXIS_REGISTRATION_HOTFIX1.txt
PASS: current CP2 Preload document exists: ACCEPTANCE_v0.18.0.0_CP2_KK_RUNWAY_AXIS_REGISTRATION_HOTFIX1.txt
PASS: current CP2 Preload document exists: Docs/CP2_KK_RUNWAY_AXIS_REGISTRATION_COMPILE_HOTFIX_1_v0.18.0.0_ja.md
PASS: current CP2 Preload document exists: Docs/ND_CP2_KK_RUNWAY_AXIS_REGISTRATION_COMPILE_HOTFIX_1_TEST_CARD_v0.18.0.0_ja.md
PASS: current CP2 Preload document exists: Docs/HANDOVER_AERIS14_v0.18.0.0_CP2_KK_RUNWAY_AXIS_REGISTRATION_COMPILE_HOTFIX1_ja.md
PASS: current CP2 Preload document exists: Evidence/SOURCE_DIFF_AUDIT_v0.18.0.0_CP2_KK_RUNWAY_AXIS_REGISTRATION_COMPILE_HOTFIX1.txt
PASS: current CP2 Preload document exists: ACCEPTANCE_v0.18.0.0_CP2_KK_RUNWAY_AXIS_REGISTRATION_COMPILE_HOTFIX1.txt
PASS: AERIS13 baseline document retained: 00_README_ja.md
PASS: AERIS13 baseline document retained: 01_FINAL_HANDOVER_ja.md
PASS: AERIS13 baseline document retained: 02_RUNWAY_BY_RUNWAY_RESPONSE_ja.md
PASS: AERIS13 baseline document retained: 03_ADAPTIVE_GLIDE_PATH_POLICY_ja.md
PASS: AERIS13 baseline document retained: 04_FAILURE_CODE_RESPONSE_MAP_ja.md
PASS: AERIS13 baseline document retained: 05_EVIDENCE_INTEGRITY_REPORT_ja.md
PASS: AERIS13 baseline document retained: 06_POST_HOTFIX_FIELD_TEST_CARD_ja.md
PASS: AERIS13 baseline document retained: 07_NEXT_CHAT_START_PROMPT_ja.txt
PASS: AERIS13 baseline document retained: 08_SOURCE_AUDIT_LOCATOR_ja.md
PASS: current final-candidate record retained: ACCEPTANCE_v0.18.0.0_CP2_GENERIC_RUNWAY_PLACEMENT_VERIFICATION_FINAL_CANDIDATE3.txt
PASS: current final-candidate record retained: Docs/CP2_GENERIC_RUNWAY_PLACEMENT_VERIFICATION_MANUAL_CALIBRATION_FINAL_CANDIDATE_3_v0.18.0.0_ja.md
PASS: current final-candidate record retained: Docs/ND_CP2_GENERIC_RUNWAY_PLACEMENT_VERIFICATION_FINAL_TEST_CARD_v0.18.0.0_ja.md
PASS: current final-candidate record retained: Evidence/RUNTIME_DIAGNOSIS_AERISFlightControl18_GENERIC_PLACEMENT_VERIFICATION.txt
PASS: current final-candidate record retained: Evidence/SOURCE_DIFF_AUDIT_v0.18.0.0_CP2_GENERIC_RUNWAY_PLACEMENT_VERIFICATION_FINAL_CANDIDATE3.txt
PASS: README identifies the current combined checkpoint
PASS: test card uses the current package name
PASS: build entrypoint regenerates the current display string
PASS: AVC metadata identifies the current checkpoint
PASS: toolbar design documents scene/lifecycle contract: 単一
PASS: toolbar design documents scene/lifecycle contract: Main Menu
PASS: toolbar design documents scene/lifecycle contract: Space Center
PASS: toolbar design documents scene/lifecycle contract: VAB
PASS: toolbar design documents scene/lifecycle contract: SPH
PASS: toolbar design documents scene/lifecycle contract: Tracking Station
PASS: toolbar design documents scene/lifecycle contract: 読み取り専用
PASS: toolbar design documents scene/lifecycle contract: onGUIApplicationLauncherReady
PASS: toolbar design documents scene/lifecycle contract: onGUIApplicationLauncherDestroyed
[v0.18.0.0 CP2 static package verification] 168/168 PASS

=== verify_v01800_cp1_build_entrypoint.py rc=0 duration=1.459s ===
PASS: build display identifies CP1 or a later checkpoint
PASS: current checkpoint acceptance runs before compilation without bytecode residue
PASS: xbuild availability is checked
PASS: KSP Assembly-CSharp reference is checked
PASS: Unity UI reference is checked
PASS: ToolbarController dependency is checked
PASS: Release xbuild command is present
PASS: compiled DLL is staged
PASS: user settings preservation is retained
PASS: installer never deletes the complete user AERIS tree
[v0.18.0.0 CP1 build-entry regression verification] 10/10 PASS

=== verify_v01800_cp2_build_entrypoint.py rc=0 duration=2.288s ===
PASS: build display identifies CP2
PASS: CP2 acceptance runs before compilation
PASS: acceptance prevents bytecode residue
PASS: xbuild availability is checked
PASS: KSP Assembly-CSharp reference is checked
PASS: Unity UI reference is checked
PASS: ToolbarController dependency is checked
PASS: Release xbuild command is present
PASS: compiled DLL is staged
PASS: user settings preservation remains explicit
PASS: per-craft ND profiles are preserved
PASS: installer never deletes complete user AERIS tree
[v0.18.0.0 CP2 build entrypoint verification] 12/12 PASS

=== selftest_v01800_cp2_preload_terrain_integration.py rc=0 duration=1.171s ===
PASS: contracts braces balance
PASS: contracts parentheses balance
PASS: contracts brackets balance
PASS: codec braces balance
PASS: codec parentheses balance
PASS: codec brackets balance
PASS: database braces balance
PASS: database parentheses balance
PASS: database brackets balance
PASS: blocks braces balance
PASS: blocks parentheses balance
PASS: blocks brackets balance
PASS: builder braces balance
PASS: builder parentheses balance
PASS: builder brackets balance
PASS: compiled Preload source: Terrain\AERISTerrainPreloadContracts.cs
PASS: compiled Preload source: Terrain\AERISTerrainPreloadCodec.cs
PASS: compiled Preload source: Terrain\AERISTerrainPreloadDatabase.cs
PASS: compiled Preload source: Terrain\AERISTerrainBlockPipeline.cs
PASS: compiled Preload source: Terrain\AERISTerrainPreloadBuilder.cs
PASS: Preload terminology only: Source/AERISFlightControl/UI/AERISNumericField.cs
PASS: Preload terminology only: Source/AERISFlightControl/UI/AERISNavigationDisplay.cs
PASS: Preload terminology only: Source/AERISFlightControl/UI/AERISFlightInstrument.cs
PASS: Preload terminology only: Source/AERISFlightControl/UI/AERISWindow.cs
PASS: Preload terminology only: Source/AERISFlightControl/UI/ToolbarBridge.cs
PASS: Preload terminology only: Source/AERISFlightControl/Integrations/AERISWindProviderApi.cs
PASS: Preload terminology only: Source/AERISFlightControl/Integrations/AddonIntegration.cs
PASS: Preload terminology only: Source/AERISFlightControl/Recording/AERISFlightDataRecorder.cs
PASS: Preload terminology only: Source/AERISFlightControl/Recording/AERISFlightDataArchive.cs
PASS: Preload terminology only: Source/AERISFlightControl/Performance/AERISRuntimeGeneration.cs
PASS: Preload terminology only: Source/AERISFlightControl/Performance/AERISWorkerScheduler.cs
PASS: Preload terminology only: Source/AERISFlightControl/Performance/AERISNavigationTrafficPipeline.cs
PASS: Preload terminology only: Source/AERISFlightControl/Performance/AERISInstrumentPipeline.cs
PASS: Preload terminology only: Source/AERISFlightControl/Performance/AERISCanonicalSnapshot.cs
PASS: Preload terminology only: Source/AERISFlightControl/Performance/AERISGpuAssistBackend.cs
PASS: Preload terminology only: Source/AERISFlightControl/Performance/AERISBackgroundFileWriter.cs
PASS: Preload terminology only: Source/AERISFlightControl/Performance/AERISNavigationDisplayPipeline.cs
PASS: Preload terminology only: Source/AERISFlightControl/Performance/AERISPerformanceRuntime.cs
PASS: Preload terminology only: Source/AERISFlightControl/Core/AERISBootstrap.cs
PASS: Preload terminology only: Source/AERISFlightControl/Core/AERISExternalAutomationManager.V2.cs
PASS: Preload terminology only: Source/AERISFlightControl/Core/AERISExternalAutomationManager.cs
PASS: Preload terminology only: Source/AERISFlightControl/Properties/AERISBuildVersion.generated.cs
PASS: Preload terminology only: Source/AERISFlightControl/Properties/AssemblyInfo.cs
PASS: Preload terminology only: Source/AERISFlightControl/FlightState/AERISFlightStateApi.cs
PASS: Preload terminology only: Source/AERISFlightControl/FlightState/VirtualAttitudeInstrument.cs
PASS: Preload terminology only: Source/AERISFlightControl/Protect/ProtectTelemetry.cs
PASS: Preload terminology only: Source/AERISFlightControl/Protect/GroundStabilityProtection.cs
PASS: Preload terminology only: Source/AERISFlightControl/Autopilot/AERISBankDirector.cs
PASS: Preload terminology only: Source/AERISFlightControl/Autopilot/AERISAxisStabilitySupervisor.cs
PASS: Preload terminology only: Source/AERISFlightControl/Autopilot/AERISHdgDirector.cs
PASS: Preload terminology only: Source/AERISFlightControl/Autopilot/AERISSpeedAirbrakeController.cs
PASS: Preload terminology only: Source/AERISFlightControl/Autopilot/AERISAltitudeDirector.cs
PASS: Preload terminology only: Source/AERISFlightControl/Autopilot/AERISPitchDirector.cs
PASS: Preload terminology only: Source/AERISFlightControl/Autopilot/AERISAccelerationDirector.cs
PASS: Preload terminology only: Source/AERISFlightControl/Autopilot/AERISAutoTakeoffDirector.cs
PASS: Preload terminology only: Source/AERISFlightControl/Autopilot/AERISVerticalSpeedDirector.cs
PASS: Preload terminology only: Source/AERISFlightControl/Autopilot/AERISVelocityDirector.cs
PASS: Preload terminology only: Source/AERISFlightControl/Settings/AERISSettings.cs
PASS: Preload terminology only: Source/AERISFlightControl/Settings/AERISNavigationDisplayProfileStore.cs
PASS: Preload terminology only: Source/AERISFlightControl/AA/AtmosphereAutopilot.cs
PASS: Preload terminology only: Source/AERISFlightControl/AA/AutoHotkey.cs
PASS: Preload terminology only: Source/AERISFlightControl/AA/TopModuleManager.cs
PASS: Preload terminology only: Source/AERISFlightControl/AA/ListSelector.cs
PASS: Preload terminology only: Source/AERISFlightControl/AA/CircularBuffer.cs
PASS: Preload terminology only: Source/AERISFlightControl/AA/ListView.cs
PASS: Preload terminology only: Source/AERISFlightControl/AA/AutoSerialization.cs
PASS: Preload terminology only: Source/AERISFlightControl/AA/GimbalWrappers.cs
PASS: Preload terminology only: Source/AERISFlightControl/AA/AerisAAPaths.cs
PASS: Preload terminology only: Source/AERISFlightControl/AA/MessageManager.cs
PASS: Preload terminology only: Source/AERISFlightControl/AA/BackgroundThread.cs
PASS: Preload terminology only: Source/AERISFlightControl/AA/Common.cs
PASS: Preload terminology only: Source/AERISFlightControl/AA/SyncModuleControlSurface.cs
PASS: Preload terminology only: Source/AERISFlightControl/AA/GimbalRearranger.cs
PASS: Preload terminology only: Source/AERISFlightControl/Terrain/AERISTerrainAwareness.cs
PASS: Preload terminology only: Source/AERISFlightControl/Terrain/AERISTerrainPreloadCodec.cs
PASS: Preload terminology only: Source/AERISFlightControl/Terrain/AERISTerrainRasterWorker.cs
PASS: Preload terminology only: Source/AERISFlightControl/Terrain/AERISTerrainPreloadContracts.cs
PASS: Preload terminology only: Source/AERISFlightControl/Terrain/AERISTerrainPreloadBuilder.cs
PASS: Preload terminology only: Source/AERISFlightControl/Terrain/AERISTerrainPreloadDatabase.cs
PASS: Preload terminology only: Source/AERISFlightControl/Terrain/AERISTerrainViewportActivationPolicy.cs
PASS: Preload terminology only: Source/AERISFlightControl/Terrain/AERISTerrainTileSystem.cs
PASS: Preload terminology only: Source/AERISFlightControl/Terrain/AERISTerrainBlockPipeline.cs
PASS: Preload terminology only: Source/AERISFlightControl/Terrain/AERISTerrainTileContracts.cs
PASS: Preload terminology only: Source/AERISFlightControl/Terrain/AERISNdMapProjection.cs
PASS: Preload terminology only: Source/AERISFlightControl/Terrain/AERISTerrainGpuTileRenderer.cs
PASS: Preload terminology only: Source/AERISFlightControl/Terrain/AERISTerrainCoastlinePolicy.cs
PASS: Preload terminology only: Source/AERISFlightControl/Terrain/AERISTerrainGpuTileRasterizer.cs
PASS: Preload terminology only: Source/AERISFlightControl/Terrain/AERISTerrainTileCache.cs
PASS: Preload terminology only: Source/AERISFlightControl/Terrain/AERISTerrainPerformance.cs
PASS: Preload terminology only: Source/AERISFlightControl/API/AERISPropulsionApi.cs
PASS: Preload terminology only: Source/AERISFlightControl/API/AERISExtensionApi.cs
PASS: Preload terminology only: Source/AERISFlightControl/API/AERISExternalAutomationApi.cs
PASS: Preload terminology only: Source/AERISFlightControl/API/AERISGroundAssistApi.cs
PASS: Preload terminology only: Source/AERISFlightControl/FlightPlans/AERISFlightPlanLibrary.cs
PASS: Preload terminology only: Source/AERISFlightControl/Logging/AERISLogger.cs
PASS: Preload terminology only: Source/AERISFlightControl/Landing/AERISProviderIdentity.cs
PASS: Preload terminology only: Source/AERISFlightControl/Landing/AERISAirfieldRegistry.cs
PASS: Preload terminology only: Source/AERISFlightControl/Landing/AERISRunwaySurveyContracts.cs
PASS: Preload terminology only: Source/AERISFlightControl/Landing/AERISAirfieldProviders.cs
PASS: Preload terminology only: Source/AERISFlightControl/Landing/AERISPhysicalRunwayIdentity.cs
PASS: Preload terminology only: Source/AERISFlightControl/Landing/AERISRunwayWitnessLibrary.cs
PASS: Preload terminology only: Source/AERISFlightControl/Landing/AERISAdaptiveApproachPlanner.cs
PASS: Preload terminology only: Source/AERISFlightControl/Landing/AERISRunwaySnapshotBuilder.cs
PASS: Preload terminology only: Source/AERISFlightControl/Landing/AERISRunwayCertificationCache.cs
PASS: Preload terminology only: Source/AERISFlightControl/Landing/AERISRunwayCertificationWorker.cs
PASS: Preload terminology only: Source/AERISFlightControl/Landing/AERISAirfieldModels.cs
PASS: Preload terminology only: Source/AERISFlightControl/Landing/AERISRunwaySurveyCatalog.cs
PASS: Preload terminology only: Source/AERISFlightControl/Landing/AERISOperationalRunwayResolver.cs
PASS: Preload terminology only: Source/AERISFlightControl/Landing/AERISRunwayGeometryWorker.cs
PASS: Preload terminology only: Source/AERISFlightControl/Landing/AERISLandingFoundation.cs
PASS: Preload terminology only: Source/AERISFlightControl/Landing/AERISAirfieldConfigParser.cs
PASS: Preload terminology only: Source/AERISFlightControl/Landing/AERISRunwaySurveyPlanner.cs
PASS: Preload terminology only: Source/AERISFlightControl/Landing/AERISApproachModels.cs
PASS: Preload terminology only: Source/AERISFlightControl/Landing/AERISApproachRegistry.cs
PASS: Preload terminology only: Source/AERISFlightControl/Landing/AERISRunwayTrackToken.cs
PASS: Preload terminology only: Source/AERISFlightControl/AA/Controller/PIController.cs
PASS: Preload terminology only: Source/AERISFlightControl/AA/Controller/PIDController.cs
PASS: Preload terminology only: Source/AERISFlightControl/AA/Controller/PDController.cs
PASS: Preload terminology only: Source/AERISFlightControl/AA/Controller/PController.cs
PASS: Preload terminology only: Source/AERISFlightControl/AA/Properties/AssemblyInfo.cs
PASS: Preload terminology only: Source/AERISFlightControl/AA/Properties/AssemblyInfo.GUI.cs
PASS: Preload terminology only: Source/AERISFlightControl/AA/Modules/AngularVelAdaptiveController.cs
PASS: Preload terminology only: Source/AERISFlightControl/AA/Modules/LateralDirectorController.cs
PASS: Preload terminology only: Source/AERISFlightControl/AA/Modules/MouseDirector.cs
PASS: Preload terminology only: Source/AERISFlightControl/AA/Modules/CruiseController.cs
PASS: Preload terminology only: Source/AERISFlightControl/AA/Modules/StateController.cs
PASS: Preload terminology only: Source/AERISFlightControl/AA/Modules/AngularAccAdaptiveController.cs
PASS: Preload terminology only: Source/AERISFlightControl/AA/Modules/AoAController.cs
PASS: Preload terminology only: Source/AERISFlightControl/AA/Modules/DirectorController.cs
PASS: Preload terminology only: Source/AERISFlightControl/AA/Modules/AutopilotModule.cs
PASS: Preload terminology only: Source/AERISFlightControl/AA/Modules/StandardFlyByWire.cs
PASS: Preload terminology only: Source/AERISFlightControl/AA/Modules/ProgradeThrustController.cs
PASS: Preload terminology only: Source/AERISFlightControl/AA/GUI/NeoGUIController.cs
PASS: Preload terminology only: Source/AERISFlightControl/AA/GUI/GUIStyles.cs
PASS: Preload terminology only: Source/AERISFlightControl/AA/GUI/AutoGui.cs
PASS: Preload terminology only: Source/AERISFlightControl/AA/Math/Matrix.cs
PASS: Preload terminology only: Source/AERISFlightControl/AA/Math/LinApprox.cs
PASS: Preload terminology only: Source/AERISFlightControl/AA/Math/GradientLP.cs
PASS: Preload terminology only: Source/AERISFlightControl/AA/Math/OnlineLinTrainer.cs
PASS: Preload terminology only: Source/AERISFlightControl/AA/Math/VectorArray.cs
PASS: Preload terminology only: Source/AERISFlightControl/AA/Math/OnlineLinTrainerWindow.cs
PASS: Preload terminology only: Source/AERISFlightControl/AA/Models/LinearSystemModel.cs
PASS: Preload terminology only: Source/AERISFlightControl/AA/Models/FlightModel/LinearModel.cs
PASS: Preload terminology only: Source/AERISFlightControl/AA/Models/FlightModel/GeneralDynamics.cs
PASS: Preload terminology only: Source/AERISFlightControl/AA/Models/FlightModel/EngineBalancing.cs
PASS: Preload terminology only: Source/AERISFlightControl/AA/Models/FlightModel/FlightModel.cs
PASS: Preload terminology only: Source/AERISFlightControl/AA/Models/FlightModel/EngineDynamics.cs
PASS: Preload terminology only: Source/AERISFlightControl/AA/Models/FlightModel/ModelRegression.cs
PASS: Preload terminology only: Source/AERISFlightControl/AA/Models/FlightModel/RotationModel.cs
PASS: Preload terminology only: Source/AERISFlightControl/AA/GUI/DelayedField/DelayedFieldGeoCoordinates.cs
PASS: Preload terminology only: Source/AERISFlightControl/AA/GUI/DelayedField/DelayedFieldFloat.cs
PASS: Preload terminology only: Docs/ND_CP2_GENERIC_RUNWAY_PLACEMENT_VERIFICATION_FINAL_TEST_CARD_v0.18.0.0_ja.md
PASS: Preload terminology only: Docs/PHYSICAL_RUNWAY_CANONICAL_TEST_CARD_v0.18.0.0_ja.md
PASS: Preload terminology only: Docs/DEVELOPMENT_CHECKPOINT_v0.18.0.0_GATE0_ja.md
PASS: Preload terminology only: Docs/ND_CP2_MOD_AIRFIELD_RECOVERY_AUTOPRELOAD_PROGRESSION_1_TEST_CARD_v0.18.0.0_ja.md
PASS: Preload terminology only: Docs/HANDOVER_AERIS14_v0.18.0.0_CP2_KK_RUNWAY_AXIS_REGISTRATION_HOTFIX1_ja.md
PASS: Preload terminology only: Docs/HANDOVER_v0.17.0.6_ja.md
PASS: Preload terminology only: Docs/ND_CP2_KK_RUNWAY_AXIS_REGISTRATION_COMPILE_HOTFIX_1_TEST_CARD_v0.18.0.0_ja.md
PASS: Preload terminology only: Docs/RELEASE_NOTES_v0.17.0.2_ja.md
PASS: Preload terminology only: Docs/ND_CP2_MANUAL_CALIBRATED_RUNWAY_SEPARATION_PRESERVATION_HOTFIX_1_TEST_CARD_v0.18.0.0_ja.md
PASS: Preload terminology only: Docs/CP2_PRELOAD_STATUS_TOOLBAR_v0.18.0.0_ja.md
PASS: Preload terminology only: Docs/HANDOVER_v0.17.0.4_ja.md
PASS: Preload terminology only: Docs/HANDOVER_v0.18.0.0_CP2_ja.md
PASS: Preload terminology only: Docs/RUNWAY_REGISTRY_TEST_CARD_v0.17.0.4_ja.md
PASS: Preload terminology only: Docs/RUNWAY_REGISTRY_TEST_CARD_v0.17.0.7_ja.md
PASS: Preload terminology only: Docs/CP2_MANUAL_CALIBRATION_REFLECTION_HOTFIX_1_v0.18.0.0_ja.md
PASS: Preload terminology only: Docs/HANDOVER_AERIS14_v0.18.0.0_CP2_MOD_AIRFIELD_RECOVERY_AUTOPRELOAD_COMPILE_HOTFIX1_ja.md
PASS: Preload terminology only: Docs/RUNWAY_REGISTRY_TEST_CARD_v0.17.0.2_ja.md
PASS: Preload terminology only: Docs/RELEASE_NOTES_v0.17.0.8_ja.md
PASS: Preload terminology only: Docs/AERIS12_MOD_RUNWAY_SURVEY_DESIGN_ja.md
PASS: Preload terminology only: Docs/CP2_MANUAL_RUNWAY_ABSOLUTE_GEODETIC_ENDPOINT_AUTHORITY_BUILD_ENTRYPOINT_HOTFIX_1_v0.18.0.0_ja.md
PASS: Preload terminology only: Docs/CP2_MANUAL_CALIBRATED_RUNWAY_SEPARATION_PRESERVATION_HOTFIX_1_v0.18.0.0_ja.md
PASS: Preload terminology only: Docs/HANDOVER_AERIS14_v0.18.0.0_CP2_RUNWAY_PRESENTATION_UI_HOTFIX1_ja.md
PASS: Preload terminology only: Docs/RELEASE_NOTES_v0.16.3.0_ja.md
PASS: Preload terminology only: Docs/HANDOVER_AERIS13_v0.18.0.0_CP2_FIELD_RENDER_HOTFIX1_ja.md
PASS: Preload terminology only: Docs/ND_CP2_RUNWAY_TERRAIN_SAFETY_TEST_CARD_v0.18.0.0_ja.md
PASS: Preload terminology only: Docs/CP2_MANUAL_RUNWAY_ABSOLUTE_GEODETIC_ENDPOINT_AUTHORITY_HOTFIX_1_v0.18.0.0_ja.md
PASS: Preload terminology only: Docs/ND_CP2_PRELOAD_TERRAIN_TEST_CARD_v0.18.0.0_ja.md
PASS: Preload terminology only: Docs/ROADMAP_v0.18.0.0_ja.md
PASS: Preload terminology only: Docs/AERIS12_MOD_RUNWAY_SURVEY_TEST_CARD_ja.md
PASS: Preload terminology only: Docs/AERIS12_TERRAIN_ND_TEST_CARD_ja.md
PASS: Preload terminology only: Docs/CP2_RUNWAY_MAP_LOCK_HOTFIX_1_v0.18.0.0_ja.md
PASS: Preload terminology only: Docs/ND_CP2_KK_RUNWAY_AXIS_REGISTRATION_HOTFIX_1_TEST_CARD_v0.18.0.0_ja.md
PASS: Preload terminology only: Docs/CP2_ND_NAVIGATION_SNAPSHOT_PUBLISH_AIRFIELDS_UI_COLLAPSE_HOTFIX_1_v0.18.0.0_ja.md
PASS: Preload terminology only: Docs/CP2_RUNWAY_MAP_LOCK_HOTFIX_2_PRELOAD_FAST_PATH_1_v0.18.0.0_ja.md
PASS: Preload terminology only: Docs/ADAPTIVE_APPROACH_REGISTRY_DESIGN_v0.18.0.0_ja.md
PASS: Preload terminology only: Docs/RELEASE_NOTES_v0.17.0.7_ja.md
PASS: Preload terminology only: Docs/CP2_KK_RUNWAY_AXIS_REFERENCE_HOTFIX_2_v0.18.0.0_ja.md
PASS: Preload terminology only: Docs/CP2_KK_RUNWAY_AXIS_REGISTRATION_COMPILE_HOTFIX_1_v0.18.0.0_ja.md
PASS: Preload terminology only: Docs/CP2_RUNWAY_MAP_LOCK_HOTFIX_2_PRELOAD_FAST_PATH_1_COMPILE_HOTFIX_1_v0.18.0.0_ja.md
PASS: Preload terminology only: Docs/HANDOVER_AERIS14_v0.18.0.0_CP2_RUNWAY_TERRAIN_SAFETY_HOTFIX1_ja.md
PASS: Preload terminology only: Docs/HANDOVER_v0.17.0.1_ja.md
PASS: Preload terminology only: Docs/PHASE1_LEGACY_NAV_REMOVAL_AUDIT_ja.md
PASS: Preload terminology only: Docs/RUNWAY_REGISTRY_TEST_CARD_v0.17.0.3_ja.md
PASS: Preload terminology only: Docs/ROADMAP_CURRENT_AERIS13_v0.18.0.0_ja.md
PASS: Preload terminology only: Docs/RELEASE_NOTES_v0.17.0.6_ja.md
PASS: Preload terminology only: Docs/CP2_PRELOAD_STATUS_TOOLBAR_COMPILE_HOTFIX_1_v0.18.0.0_ja.md
PASS: Preload terminology only: Docs/ND_CP2_ALIGNMENT_DIAGNOSTIC_TEST_CARD_v0.18.0.0_ja.md
PASS: Preload terminology only: Docs/HANDOVER_v0.17.0.7_ja.md
PASS: Preload terminology only: Docs/ND_CP2_MANUAL_RUNWAY_ABSOLUTE_GEODETIC_ENDPOINT_AUTHORITY_BUILD_ENTRYPOINT_HOTFIX_1_TEST_CARD_v0.18.0.0_ja.md
PASS: Preload terminology only: Docs/ND_CP25_ALTITUDE_GATE_HOTFIX_1_TEST_CARD_v0.18.0.0_ja.md
PASS: Preload terminology only: Docs/AERIS12_TERRAIN_ND_DESIGN_ja.md
PASS: Preload terminology only: Docs/ND_CP2_RUNWAY_PRESENTATION_UI_HOTFIX_1_TEST_CARD_v0.18.0.0_ja.md
PASS: Preload terminology only: Docs/RUNWAY_REGISTRY_TEST_CARD_v0.17.0.6_ja.md
PASS: Preload terminology only: Docs/CODE_AUDIT_v0.18.0.0_CP2_FIELD_RENDER_HOTFIX1_ja.md
PASS: Preload terminology only: Docs/ND_CP25_QUALITY_MIGRATION_HOTFIX_1_TEST_CARD_v0.18.0.0_ja.md
PASS: Preload terminology only: Docs/CP2_ALIGNMENT_DIAGNOSTIC_HOTFIX_1_v0.18.0.0_ja.md
PASS: Preload terminology only: Docs/CODE_REVIEW_v0.17.0.0_ja.md
PASS: Preload terminology only: Docs/HANDOVER_AERIS14_v0.18.0.0_CP2_KK_RUNWAY_ABSOLUTE_REGISTRATION_HOTFIX1_ja.md
PASS: Preload terminology only: Docs/CP2_GENERIC_RUNWAY_PLACEMENT_FINAL_CANDIDATE_3_COMPILE_HOTFIX_1_v0.18.0.0_ja.md
PASS: Preload terminology only: Docs/RELEASE_NOTES_v0.17.0.4_ja.md
PASS: Preload terminology only: Docs/ND_CP2_TERRAIN_TEST_CARD_v0.18.0.0_ja.md
PASS: Preload terminology only: Docs/RUNWAY_REGISTRY_TEST_CARD_v0.17.0.5_ja.md
PASS: Preload terminology only: Docs/CP2_MOD_AIRFIELD_RECOVERY_AUTOPRELOAD_PROGRESSION_1_v0.18.0.0_ja.md
PASS: Preload terminology only: Docs/CP25_QUALITY_MIGRATION_HOTFIX_1_v0.18.0.0_ja.md
PASS: Preload terminology only: Docs/HANDOVER_v0.17.0.8_ja.md
PASS: Preload terminology only: Docs/RELEASE_NOTES_v0.17.0.5_ja.md
PASS: Preload terminology only: Docs/CP2_CLOSURE_CANDIDATE_1_v0.18.0.0_ja.md
PASS: Preload terminology only: Docs/RELEASE_NOTES_v0.17.0.3_ja.md
PASS: Preload terminology only: Docs/AERIS12_FIRST_GATE_DESIGN_ja.md
PASS: Preload terminology only: Docs/HANDOVER_v0.18.0.0_CP1_ja.md
PASS: Preload terminology only: Docs/HANDOVER_v0.17.0.0_ja.md
PASS: Preload terminology only: Docs/RUNTIME_EVIDENCE_ANALYSIS_2026-07-24_ja.md
PASS: Preload terminology only: Docs/ND_CP2_MANUAL_CALIBRATION_REFLECTION_HOTFIX_1_TEST_CARD_v0.18.0.0_ja.md
PASS: Preload terminology only: Docs/AERIS12_FIRST_GATE_TEST_CARD_ja.md
PASS: Preload terminology only: Docs/CP25_ALTITUDE_GATE_HOTFIX_1_v0.18.0.0_ja.md
PASS: Preload terminology only: Docs/CP2_COMPILE_HOTFIX_1_v0.18.0.0_ja.md
PASS: Preload terminology only: Docs/ND_CP2_MANUAL_RUNWAY_DESIGNATION_GROUPING_HOTFIX_1_TEST_CARD_v0.18.0.0_ja.md
PASS: Preload terminology only: Docs/HANDOVER_AERIS14_v0.18.0.0_CP2_CLOSURE_CANDIDATE1_ja.md
PASS: Preload terminology only: Docs/CP2_CALIBRATION_ROUNDTRIP_BIDIRECTIONAL_RUNWAY_PAIR_HOTFIX_1_v0.18.0.0_ja.md
PASS: Preload terminology only: Docs/CP2_RUNWAY_TERRAIN_SAFETY_HOTFIX_1_v0.18.0.0_ja.md
PASS: Preload terminology only: Docs/HANDOVER_AERIS14_v0.18.0.0_CP2_ALIGNMENT_DIAGNOSTIC_HOTFIX1_ja.md
PASS: Preload terminology only: Docs/CP2_KK_RUNWAY_AXIS_REGISTRATION_HOTFIX_1_v0.18.0.0_ja.md
PASS: Preload terminology only: Docs/ND_CP2_MOD_AIRFIELD_RECOVERY_AUTOPRELOAD_COMPILE_HOTFIX_1_TEST_CARD_v0.18.0.0_ja.md
PASS: Preload terminology only: Docs/HANDOVER_AERIS14_v0.18.0.0_CP2_KK_RUNWAY_AXIS_REGISTRATION_COMPILE_HOTFIX1_ja.md
PASS: Preload terminology only: Docs/HANDOVER_AERIS14_v0.18.0.0_CP2_RUNWAY_MAP_LOCK_HOTFIX2_PRELOAD_FASTPATH1_ja.md
PASS: Preload terminology only: Docs/CP2_PRELOAD_TERRAIN_INTEGRATION_v0.18.0.0_ja.md
PASS: Preload terminology only: Docs/RUNWAY_REGISTRY_TEST_CARD_v0.17.0.8_ja.md
PASS: Preload terminology only: Docs/RELEASE_NOTES_v0.17.0.1_ja.md
PASS: Preload terminology only: Docs/HANDOVER_v0.17.0.2_ja.md
PASS: Preload terminology only: Docs/HANDOVER_v0.17.0.3_ja.md
PASS: Preload terminology only: Docs/CP2_RENDER_HOTFIX_2_v0.18.0.0_ja.md
PASS: Preload terminology only: Docs/HANDOVER_AERIS14_v0.18.0.0_CP2_MOD_AIRFIELD_RECOVERY_AUTOPRELOAD1_ja.md
PASS: Preload terminology only: Docs/ND_CP2_CALIBRATION_ROUNDTRIP_BIDIRECTIONAL_RUNWAY_PAIR_HOTFIX_1_TEST_CARD_v0.18.0.0_ja.md
PASS: Preload terminology only: Docs/ND_CP2_KK_RUNWAY_AXIS_REFERENCE_HOTFIX_2_TEST_CARD_v0.18.0.0_ja.md
PASS: Preload terminology only: Docs/ND_CP2_RUNWAY_MAP_LOCK_TEST_CARD_v0.18.0.0_ja.md
PASS: Preload terminology only: Docs/ND_CP2_MANUAL_RUNWAY_ABSOLUTE_GEODETIC_ENDPOINT_AUTHORITY_HOTFIX_1_TEST_CARD_v0.18.0.0_ja.md
PASS: Preload terminology only: Docs/ND_CP2_ND_NAVIGATION_SNAPSHOT_PUBLISH_AIRFIELDS_UI_COLLAPSE_HOTFIX_1_TEST_CARD_v0.18.0.0_ja.md
PASS: Preload terminology only: Docs/CP2_MANUAL_RUNWAY_DESIGNATION_GROUPING_HOTFIX_1_v0.18.0.0_ja.md
PASS: Preload terminology only: Docs/CP2_TERRAIN_SUPPLY_HOTFIX_3_v0.18.0.0_ja.md
PASS: Preload terminology only: Docs/ND_CP2_CLOSURE_CANDIDATE_1_TEST_CARD_v0.18.0.0_ja.md
PASS: Preload terminology only: Docs/CP2_GENERIC_RUNWAY_PLACEMENT_VERIFICATION_MANUAL_CALIBRATION_FINAL_CANDIDATE_3_v0.18.0.0_ja.md
PASS: Preload terminology only: Docs/ND_CP2_RUNWAY_MAP_LOCK_HOTFIX_2_PRELOAD_FAST_PATH_1_TEST_CARD_v0.18.0.0_ja.md
PASS: Preload terminology only: Docs/ND_CP2_KK_RUNWAY_ABSOLUTE_REGISTRATION_HOTFIX_1_TEST_CARD_v0.18.0.0_ja.md
PASS: Preload terminology only: Docs/ND_CP2_GENERIC_RUNWAY_PLACEMENT_FINAL_CANDIDATE_3_COMPILE_HOTFIX_1_TEST_CARD_v0.18.0.0_ja.md
PASS: Preload terminology only: Docs/EXTERNAL_AUTOMATION_PHASE1_ja.md
PASS: Preload terminology only: Docs/ND_CP1_TEST_CARD_v0.18.0.0_ja.md
PASS: Preload terminology only: Docs/HANDOVER_v0.17.0.5_ja.md
PASS: Preload terminology only: Docs/HANDOVER_AERIS14_v0.18.0.0_CP2_RUNWAY_MAP_LOCK_HOTFIX1_ja.md
PASS: Preload terminology only: Docs/CP2_RESPONSIVE_AIRFIELDS_UI_LAYOUT_RESIZE_HOTFIX_1_v0.18.0.0_ja.md
PASS: Preload terminology only: Docs/DEVELOPMENT_CHECKPOINT_v0.18.0.0_CP1_ja.md
PASS: Preload terminology only: Docs/CP2_MOD_AIRFIELD_RECOVERY_AUTOPRELOAD_COMPILE_HOTFIX_1_v0.18.0.0_ja.md
PASS: Preload terminology only: Docs/RELEASE_NOTES_v0.17.0.0_ja.md
PASS: Preload terminology only: Docs/DEVELOPMENT_CHECKPOINT_v0.18.0.0_CP2_ja.md
PASS: Preload terminology only: Docs/ND_CP2_RESPONSIVE_AIRFIELDS_UI_LAYOUT_RESIZE_HOTFIX_1_TEST_CARD_v0.18.0.0_ja.md
PASS: Preload terminology only: Docs/CP2_FIELD_RENDER_CONSISTENCY_HOTFIX_1_v0.18.0.0_ja.md
PASS: Preload terminology only: Docs/PERFORMANCE_TEST_CARD_v0.17.0.1_ja.md
PASS: Preload terminology only: Docs/AERIS13_Baseline/04_FAILURE_CODE_RESPONSE_MAP_ja.md
PASS: Preload terminology only: Docs/AERIS13_Baseline/03_ADAPTIVE_GLIDE_PATH_POLICY_ja.md
PASS: Preload terminology only: Docs/AERIS13_Baseline/01_FINAL_HANDOVER_ja.md
PASS: Preload terminology only: Docs/AERIS13_Baseline/02_RUNWAY_BY_RUNWAY_RESPONSE_ja.md
PASS: Preload terminology only: Docs/AERIS13_Baseline/05_EVIDENCE_INTEGRITY_REPORT_ja.md
PASS: Preload terminology only: Docs/AERIS13_Baseline/00_README_ja.md
PASS: Preload terminology only: Docs/AERIS13_Baseline/08_SOURCE_AUDIT_LOCATOR_ja.md
PASS: Preload terminology only: Docs/AERIS13_Baseline/06_POST_HOTFIX_FIELD_TEST_CARD_ja.md
PASS: Preload terminology only: README.md
PASS: Preload Builder mode: Off = 0
PASS: Preload Builder mode: Manual = 1
PASS: Preload Builder mode: IdleOnly = 2
PASS: Preload Builder mode: Background = 3
PASS: Preload Builder mode: AggressiveIdle = 4
PASS: per-body priority: Disabled = 0
PASS: per-body priority: Low = 1
PASS: per-body priority: Normal = 2
PASS: per-body priority: High = 3
PASS: per-body priority: Pinned = 4
PASS: asynchronous read lane: Critical = 0
PASS: asynchronous read lane: High = 1
PASS: asynchronous read lane: Normal = 2
PASS: asynchronous read lane: Prefetch = 3
PASS: asynchronous read lane: Background = 4
PASS: unified terrain tile source: HotRam
PASS: unified terrain tile source: WarmRam
PASS: unified terrain tile source: PreloadDatabase
PASS: unified terrain tile source: RealtimeGenerated
PASS: unified terrain tile source: GlobalFallback
PASS: unified terrain tile source: PreloadBuilderGenerated
PASS: versioned indexed database contract: DatabaseFormatVersion = 2
PASS: versioned indexed database contract: CodecVersion = 1
PASS: versioned indexed database contract: ChunkEdgeTiles = 8
PASS: versioned indexed database contract: AERIS_PRELOAD_TERRAIN_MANIFEST_V2
PASS: versioned indexed database contract: AERIS_PRELOAD_TERRAIN_CHUNK_V2
PASS: versioned indexed database contract: AERIS_PRELOAD_TERRAIN_STATE_V1
PASS: tile metadata retained: Resolution
PASS: tile metadata retained: MinimumElevationMeters
PASS: tile metadata retained: MaximumElevationMeters
PASS: tile metadata retained: HeightOffset
PASS: tile metadata retained: HeightScale
PASS: tile metadata retained: Quality
PASS: tile metadata retained: GenerationState
PASS: tile metadata retained: GenerationUtcTicks
PASS: tile metadata retained: LastAccessUtcTicks
PASS: tile metadata retained: PqsConfigurationHash
PASS: tile metadata retained: GameDataHash
PASS: tile metadata retained: TerrainGenerationId
PASS: tile metadata retained: CodecId
PASS: tile metadata retained: CodecVersion
PASS: tile metadata retained: UncompressedSize
PASS: tile metadata retained: PayloadCrc
PASS: tile metadata retained: WaterOnly
PASS: tile metadata retained: ConstantHeight
PASS: tile metadata retained: FlatTile
PASS: quantized predictive compressed codec: span / 65535f
PASS: quantized predictive compressed codec: WriteVarUInt(writer, ZigZag(delta))
PASS: quantized predictive compressed codec: previous = quantized
PASS: quantized predictive compressed codec: FlagWaterOnly
PASS: quantized predictive compressed codec: FlagConstantHeight
PASS: quantized predictive compressed codec: FlagFlatTile
PASS: quantized predictive compressed codec: terrain flag RLE overflow
PASS: quantized predictive compressed codec: AERISTerrainCrc32.Compute(compressed)
PASS: quantized predictive compressed codec: CompressionLevel.Fastest
PASS: quantized predictive compressed codec: AERISTerrainCodecId.Raw
PASS: quantized predictive compressed codec: AERISTerrainCodecId.Deflate
PASS: quantized predictive compressed codec: unsupported terrain codec version
PASS: quantized predictive compressed codec: terrain decompressed size mismatch
PASS: raw float elevation arrays are never serialized
PASS: CSV is not the primary terrain database
PASS: database resilience/indexing: manifest.atm
PASS: database resilience/indexing: Chunks
PASS: database resilience/indexing: Journal
PASS: database resilience/indexing: LoadIndexOnly
PASS: database resilience/indexing: TryLoadBatch
PASS: database resilience/indexing: SaveManifestLocked
PASS: database resilience/indexing: AtomicReplace
PASS: database resilience/indexing: RecoverJournal
PASS: database resilience/indexing: VerifyAndRepair
PASS: database resilience/indexing: InvalidateBodyEnvironment
PASS: database resilience/indexing: DeleteBody
PASS: database resilience/indexing: PruneLocked
PASS: database resilience/indexing: RetentionScore
PASS: database resilience/indexing: RelativeChunkPath
PASS: database resilience/indexing: AERISTerrainSpatialKey.Morton
PASS: database resilience/indexing: WriteChunk
PASS: database resilience/indexing: ReadChunkEncoded
PASS: database resilience/indexing: MarkChunkForRepair
PASS: database resilience/indexing: RemoveTileIndex(key.StableId, false)
PASS: database resilience/indexing: RecoverIndexFromChunks
PASS: database resilience/indexing: IndexRecoveryNeeded
PASS: database resilience/indexing: journalRecoveryNeeded
PASS: database resilience/indexing: recoveryMarker
PASS: database resilience/indexing: *.pending
PASS: database resilience/indexing: ClearRecoveryMarkers
PASS: database resilience/indexing: recordLength
PASS: database resilience/indexing: recordCrc
PASS: database resilience/indexing: preload tile record trailing data
PASS: protected storage retention: SetActiveBodyProtection
PASS: protected storage retention: activeProtectedBodyName
PASS: protected storage retention: priority == AERISTerrainBodyPriority.Pinned
PASS: protected storage retention: string.Equals(chunk.BodyName, "Kerbin"
PASS: protected storage retention: chunk.Lod == AERISTerrainTileLod.Global
PASS: protected storage retention: chunk.Lod == AERISTerrainTileLod.Land
PASS: ND/main-thread tile coordinator performs no synchronous blob read
PASS: disk read/decompression runs through shared scheduler
PASS: shared scheduler encloses database read/decompression
PASS: bounded warm compressed cache: AERISTerrainWarmTileCache
PASS: bounded warm compressed cache: TryGet
PASS: bounded warm compressed cache: Put
PASS: bounded warm compressed cache: Remove
PASS: bounded warm compressed cache: TrimLocked
PASS: bounded warm compressed cache: Priority
PASS: bounded warm compressed cache: UsedBytes
PASS: bounded warm compressed cache: limitBytes
PASS: hot/warm/cold cache tier: AERISTerrainTileCache
PASS: hot/warm/cold cache tier: AERISTerrainWarmTileCache
PASS: hot/warm/cold cache tier: AERISTerrainPreloadDatabase
PASS: Terrain Block Pipeline: MaximumActiveTiles = 48
PASS: Terrain Block Pipeline: BuildBlocks
PASS: Terrain Block Pipeline: edge = resolution <= 9 ? 2 : resolution <= 17 ? 2 : 4
PASS: Terrain Block Pipeline: state.PendingBlocks >= 2
PASS: Terrain Block Pipeline: state.CompletedBlocks * 100
PASS: Terrain Block Pipeline: percent >= state.LastPublishedPercent + 25
PASS: Terrain Block Pipeline: RemoveState(state, false)
PASS: Terrain Block Pipeline: AERISRuntimeLane.GeneralCompute
PASS: Terrain Block Pipeline: The worker stage must never fall back
PASS: block processing never falls back to main-thread execution
PASS: stable Preload point-set generation guard: pointSetSignature
PASS: stable Preload point-set generation guard: ComputePointSignature
PASS: stable Preload point-set generation guard: ComparePreloadPoints
PASS: stable Preload point-set generation guard: if (string.Equals(pointSetSignature, signature
PASS: stable Preload point-set generation guard: Replaying an identical set
PASS: stable Preload point-set generation guard: plan.EstimatedTargetTiles = 0L
PASS: Preload Builder behavior: PRELOAD SUSPENDED / FLIGHT READ PRIORITY
PASS: Preload Builder behavior: HighLogic.LoadedSceneIsFlight
PASS: Preload Builder behavior: AERISTerrainWorkOwner.PreloadBuilder
PASS: Preload Builder behavior: AERISRuntimeLane.ArchiveCompression
PASS: Preload Builder behavior: AggressiveIdle
PASS: Preload Builder behavior: ResolveIdleSeconds
PASS: Preload Builder behavior: DetectInput
PASS: Preload Builder behavior: Mathf.Lerp(80f, 1200f
PASS: Preload Builder behavior: PRELOAD INDEX SCAN
PASS: Preload Builder behavior: GlobalScannedWithoutMiss
PASS: Preload Builder behavior: PointScannedWithoutMiss
PASS: Preload Builder behavior: cursor = (cursor + 1L) % total
PASS: Preload Builder behavior: scannedWithoutMiss >= total
PASS: Preload Builder behavior: ResetScanState
PASS: Preload Builder behavior: CaptureStateSnapshot
PASS: Preload Builder behavior: WriteStateSnapshot
PASS: Preload Builder behavior: preload_state.aps
PASS: Preload Builder behavior: File.Replace
PASS: Preload Builder behavior: TryLoadState(statePath + ".bak")
PASS: Preload Builder behavior: BodyAtStorageLimit
PASS: Preload Builder behavior: TimeSpan.FromDays(30.0)
PASS: Preload Builder behavior: AutomaticPriority
PASS: Preload Builder behavior: PriorityOverride
PASS: global overview is completed before local point refinement
PASS: runway/LAND/current points precede global Far refinement
PASS: Builder adaptive load backoff: ResolvePerformanceLoadScale
PASS: Builder adaptive load backoff: performance.WorkerBacklogged
PASS: Builder adaptive load backoff: performance.FrameTimeEmaMs >= 45f
PASS: Builder adaptive load backoff: return 0.25f
PASS: Builder adaptive load backoff: milliseconds * loadScale
PASS: user settings override an older persisted Builder mode
PASS: global storage values are normalized to the supported set
PASS: persistent Preload setting: terrainPreloadMode
PASS: persistent Preload setting: terrainPreloadStorageLimitMiB
PASS: persistent Preload setting: terrainPreloadIdleSeconds
PASS: persistent Preload setting: NormalizePreloadStorageLimit
PASS: persistent Preload setting: TerrainPreloadMode = AERISTerrainPreloadMode.AggressiveIdle
PASS: factory Preload default: terrainPreloadMode = AggressiveIdle
PASS: factory Preload default: terrainPreloadStorageLimitMiB = 2048
PASS: factory Preload default: terrainPreloadIdleSeconds = 5
PASS: Preload management UI: PRELOAD TERRAIN MAPS
PASS: Preload management UI: PRIMARY TERRAIN DATABASE
PASS: Preload management UI: PRELOAD MAP STORAGE
PASS: Preload management UI: OFF
PASS: Preload management UI: MANUAL
PASS: Preload management UI: IDLE ONLY
PASS: Preload management UI: BACKGROUND
PASS: Preload management UI: AGGRESSIVE IDLE
PASS: Preload management UI: BUILD
PASS: Preload management UI: PAUSE
PASS: Preload management UI: RESUME
PASS: Preload management UI: CANCEL
PASS: Preload management UI: VERIFY
PASS: Preload management UI: REBUILD
PASS: Preload management UI: DELETE
PASS: Preload management UI: PINNED
PASS: Preload management UI: GLOBAL
PASS: Preload management UI: FAR
PASS: Preload management UI: ROUTE
PASS: Preload management UI: LOCAL
PASS: Preload management UI: LAND
PASS: Preload management UI: DrawPreloadOnly
PASS: Preload management UI: Read-only non-Flight status
PASS: read-only Preload status UI is available outside Flight
PASS: Preload Builder ticks in Space Center/VAB/SPH/Tracking/Main Menu scenes
PASS: LAND remains Flight-only while Preload runs non-Flight
PASS: end-to-end stale generation guard: request.TerrainGeneration == terrainRequestGeneration
PASS: end-to-end stale generation guard: request.ViewGeneration == viewGeneration
PASS: end-to-end stale generation guard: request.RangeGeneration == rangeGeneration
PASS: end-to-end stale generation guard: request.PlanGeneration == planGeneration
PASS: end-to-end stale generation guard: request.DatabaseGeneration == preloadDatabase.RequestGeneration
PASS: end-to-end stale generation guard: RefreshTerrainRequestGeneration
PASS: end-to-end stale generation guard: performance.ProfileRevision
PASS: end-to-end stale generation guard: request.TerrainGeneration == plan.Generation
PASS: end-to-end stale generation guard: request.DatabaseGeneration == database.RequestGeneration
PASS: end-to-end stale generation guard: long requestGeneration = 1L
PASS: end-to-end stale generation guard: internal long RequestGeneration
PASS: end-to-end stale generation guard: requestGeneration++
PASS: Flight read/write I/O arbitration: ResolveWriteIoLimitLocked
PASS: Flight read/write I/O arbitration: readsPending
PASS: Flight read/write I/O arbitration: return Math.Max(0, limit - 1)
PASS: Flight read/write I/O arbitration: writeLimit <= 0
PASS: asynchronous multithreaded loading/generation: return AERISTerrainReadLane.Critical
PASS: asynchronous multithreaded loading/generation: AERISTerrainReadLane.High
PASS: asynchronous multithreaded loading/generation: AERISTerrainReadLane.Normal
PASS: asynchronous multithreaded loading/generation: AERISTerrainReadLane.Prefetch
PASS: asynchronous multithreaded loading/generation: AERISTerrainReadLane.Background
PASS: asynchronous multithreaded loading/generation: CompareRequests
PASS: asynchronous multithreaded loading/generation: SchedulePreloadReads
PASS: asynchronous multithreaded loading/generation: TrySchedulePreloadChunk
PASS: asynchronous multithreaded loading/generation: requests.Sort(CompareRequests)
PASS: asynchronous multithreaded loading/generation: MaximumConcurrentTileIo
PASS: asynchronous multithreaded loading/generation: DatabaseReadLatencyMilliseconds
PASS: asynchronous multithreaded loading/generation: latency > 25.0 ? 1
PASS: asynchronous multithreaded loading/generation: preloadChunksLoading
PASS: asynchronous multithreaded loading/generation: selectedRequests
PASS: asynchronous multithreaded loading/generation: IsFlightRequestCurrent
PASS: asynchronous multithreaded loading/generation: RangeGeneration
PASS: asynchronous multithreaded loading/generation: PlanGeneration
PASS: asynchronous multithreaded loading/generation: DatabaseGeneration
PASS: asynchronous multithreaded loading/generation: StaleResultsDiscarded
PASS: asynchronous multithreaded loading/generation: ScheduleDiskWrite
PASS: Preload DB is the primary source before legacy cache and PQS
PASS: PQS Block Pipeline is used only after Preload DB misses
PASS: Flight reads reserve I/O capacity ahead of DB writes
PASS: asynchronous GameData/PQS identity hashing: RequestGameDataHash
PASS: asynchronous GameData/PQS identity hashing: ComputeGameDataHash
PASS: asynchronous GameData/PQS identity hashing: terrain-gamedata-hash
PASS: asynchronous GameData/PQS identity hashing: AERISRuntimeLane.GeneralCompute
PASS: asynchronous GameData/PQS identity hashing: PRELOAD GAMEDATA HASHING
PASS: asynchronous GameData/PQS identity hashing: if (!GameDataHashReady)
PASS: asynchronous GameData/PQS identity hashing: if (!GameDataHashReady) return string.Empty
PASS: body-specific PQS configuration identity: cachedBodyEnvironmentHashes
PASS: body-specific PQS configuration identity: AppendPqsConfigurationFingerprint
PASS: body-specific PQS configuration identity: AppendStablePrimitiveMembers
PASS: body-specific PQS configuration identity: ReadMemberValue(pqs, "mods")
PASS: body-specific PQS configuration identity: StableFingerprintType
PASS: body-specific PQS configuration identity: CultureInfo.InvariantCulture
PASS: global GameData hash is metadata, not a blanket all-body invalidation key
PASS: body-specific metadata validation and isolated invalidation: MetadataMatches
PASS: body-specific metadata validation and isolated invalidation: encoded.PqsConfigurationHash
PASS: body-specific metadata validation and isolated invalidation: requestedKey.EnvironmentHash
PASS: body-specific metadata validation and isolated invalidation: DatabaseHashMismatches++
PASS: body-specific metadata validation and isolated invalidation: body-specific live PQS hash is
PASS: GameData metadata mismatches are observable without global invalidation
PASS: GameData identity hash has no synchronous ensure path
PASS: main-thread hash request only submits shared work
PASS: GameData fallback scan exists only inside shared worker computation
PASS: Preload performance telemetry: preload_builder_body
PASS: Preload performance telemetry: preload_builder_lod
PASS: Preload performance telemetry: preload_builder_tiles_complete
PASS: Preload performance telemetry: preload_builder_tiles_pending
PASS: Preload performance telemetry: preload_builder_pqs_ms
PASS: Preload performance telemetry: preload_builder_worker_utilization
PASS: Preload performance telemetry: preload_builder_write_mbps
PASS: Preload performance telemetry: preload_builder_compression_ratio
PASS: Preload performance telemetry: preload_builder_storage_bytes
PASS: Preload performance telemetry: terrain_db_read_requests
PASS: Preload performance telemetry: terrain_db_read_latency_ms
PASS: Preload performance telemetry: terrain_db_read_mbps
PASS: Preload performance telemetry: terrain_db_read_queue_depth
PASS: Preload performance telemetry: terrain_db_cache_hit_ratio
PASS: Preload performance telemetry: terrain_db_coalesced_reads
PASS: Preload performance telemetry: terrain_db_crc_failures
PASS: Preload performance telemetry: terrain_decompress_queue_delay_ms
PASS: Preload performance telemetry: terrain_decompress_time_ms
PASS: Preload performance telemetry: terrain_decompress_mbps
PASS: Preload performance telemetry: terrain_decompress_worker_active
PASS: Preload performance telemetry: terrain_decompress_failures
PASS: Preload performance telemetry: terrain_first_tile_visible_ms
PASS: Preload performance telemetry: terrain_viewport_coverage_ratio
PASS: Preload performance telemetry: terrain_preload_result_age_ms
PASS: Preload performance telemetry: terrain_stale_results_discarded
PASS: Preload performance telemetry: terrain_generation_fallback_count
PASS: no private/blocking terrain worker primitive: new Thread(
PASS: no private/blocking terrain worker primitive: ThreadPool.
PASS: no private/blocking terrain worker primitive: Task.Run(
PASS: no private/blocking terrain worker primitive: .Wait(
PASS: no private/blocking terrain worker primitive: .Result
PASS: Preload terrain does not consume Safety/LAND lanes
PASS: Preload terrain has no flight-control write surface: FlightCtrlState
PASS: Preload terrain has no flight-control write surface: MainThrottle
PASS: Preload terrain has no flight-control write surface: .pitch
PASS: Preload terrain has no flight-control write surface: .roll
PASS: Preload terrain has no flight-control write surface: .yaw
PASS: independent UInt16 terrain quantization stays within half a step
PASS: independent row predictor round-trip row 0
PASS: independent row predictor round-trip row 1
PASS: independent row predictor round-trip row 2
PASS: independent row predictor round-trip row 3
PASS: independent row predictor round-trip row 4
PASS: independent row predictor round-trip row 5
PASS: independent row predictor round-trip row 6
PASS: independent row predictor round-trip row 7
PASS: independent row predictor round-trip row 8
PASS: independent row predictor round-trip row 9
PASS: independent row predictor round-trip row 10
PASS: independent row predictor round-trip row 11
PASS: independent row predictor round-trip row 12
PASS: independent row predictor round-trip row 13
PASS: independent row predictor round-trip row 14
PASS: independent row predictor round-trip row 15
PASS: independent row predictor round-trip row 16
PASS: independent row predictor round-trip row 17
PASS: independent row predictor round-trip row 18
PASS: independent row predictor round-trip row 19
PASS: independent row predictor round-trip row 20
PASS: independent row predictor round-trip row 21
PASS: independent row predictor round-trip row 22
PASS: independent row predictor round-trip row 23
PASS: independent row predictor round-trip row 24
PASS: independent row predictor round-trip row 25
PASS: independent row predictor round-trip row 26
PASS: independent row predictor round-trip row 27
PASS: independent row predictor round-trip row 28
PASS: independent row predictor round-trip row 29
PASS: independent row predictor round-trip row 30
PASS: independent row predictor round-trip row 31
PASS: independent row predictor round-trip row 32
PASS: framed chunk corruption isolates one tile record
PASS: independent Morton ordering is unique for an 8x8 chunk
PASS: cyclic Builder scan recovers a tile skipped by crash timing
PASS: CRITICAL viewport read wins independent lane model
PASS: CP2 acceptance runner includes Preload terrain integration
[v0.18.0.0 CP2 Preload Terrain integrated foundation] 605/605 PASS

=== selftest_v01800_cp2_preload_status_toolbar.py rc=0 duration=2.024s ===
PASS: persistent scene-safe toolbar contract: private static ToolbarBridge owner
PASS: persistent scene-safe toolbar contract: Duplicate ToolbarBridge initialization rejected
PASS: persistent scene-safe toolbar contract: ToolbarControl.RegisterMod(ModId, ModName)
PASS: persistent scene-safe toolbar contract: ApplicationLauncher.AppScenes.ALWAYS
PASS: persistent scene-safe toolbar contract: ApplicationLauncher.AppScenes.TRACKSTATION
PASS: persistent scene-safe toolbar contract: GameEvents.onGUIApplicationLauncherReady.Add(HandleLauncherReady)
PASS: persistent scene-safe toolbar contract: GameEvents.onGUIApplicationLauncherDestroyed.Add(HandleLauncherDestroyed)
PASS: persistent scene-safe toolbar contract: GameEvents.onGUIApplicationLauncherReady.Remove(HandleLauncherReady)
PASS: persistent scene-safe toolbar contract: GameEvents.onGUIApplicationLauncherDestroyed.Remove(HandleLauncherDestroyed)
PASS: persistent scene-safe toolbar contract: hasAppliedVisibleState = false
PASS: persistent scene-safe toolbar contract: InvalidateSceneBinding
PASS: persistent scene-safe toolbar contract: AERIS.ToolbarIcon.Stock38
PASS: persistent scene-safe toolbar contract: AERIS.ToolbarIcon.Blizzy24
PASS: no separate Main Menu overlay button; all scenes use the FMJ-style launcher owner
PASS: exactly one ToolbarControl component is created
PASS: exactly one toolbar registration is issued
PASS: read-only non-Flight status window: internal bool PreloadStatusVisible
PASS: read-only non-Flight status window: ToolbarVisibleState
PASS: read-only non-Flight status window: ShowForCurrentScene
PASS: read-only non-Flight status window: HideForCurrentScene
PASS: read-only non-Flight status window: OnSceneBoundary(){Visible=false;PreloadStatusVisible=false;}
PASS: read-only non-Flight status window: DrawPreloadTerrainStatusPage
PASS: read-only non-Flight status window: PRELOAD TERRAIN STATUS
PASS: read-only non-Flight status window: Read-only non-Flight status
PASS: read-only non-Flight status window: Status only. BUILD, VERIFY, REBUILD and DELETE remain in Flight
PASS: read-only status method is structurally present
PASS: status-only UI cannot mutate Preload state: PreloadBuild(
PASS: status-only UI cannot mutate Preload state: PreloadPause(
PASS: status-only UI cannot mutate Preload state: PreloadResume(
PASS: status-only UI cannot mutate Preload state: PreloadCancel(
PASS: status-only UI cannot mutate Preload state: PreloadVerify(
PASS: status-only UI cannot mutate Preload state: PreloadRebuild(
PASS: status-only UI cannot mutate Preload state: PreloadDelete(
PASS: status-only UI cannot mutate Preload state: SetPreloadBodyPriority(
PASS: status-only UI cannot mutate Preload state: SetPreloadBodyQuality(
PASS: status-only UI cannot mutate Preload state: SetPreloadBodyStorageLimitMiB(
PASS: status-only UI cannot mutate Preload state: SetPreloadMode(
PASS: bootstrap scene routing: window.ShowForCurrentScene()
PASS: bootstrap scene routing: window.HideForCurrentScene()
PASS: bootstrap scene routing: window.OnSceneBoundary()
PASS: bootstrap scene routing: toolbar.InvalidateSceneBinding()
PASS: bootstrap scene routing: toolbar.SetState(window.ToolbarVisibleState)
PASS: bootstrap scene routing: window.DrawPreloadOnly()
PASS: bootstrap scene routing: currentScene!=observedUiScene
PASS: bootstrap scene routing: HandleUiSceneBoundary(currentScene)
PASS: toolbar state is synchronized in non-Flight scenes after Preload tick and before return
PASS: ToolbarBridge.cs brace balance
PASS: ToolbarBridge.cs parenthesis balance
PASS: ToolbarBridge.cs bracket balance
PASS: AERISWindow.cs brace balance
PASS: AERISWindow.cs parenthesis balance
PASS: AERISWindow.cs bracket balance
PASS: AERISBootstrap.cs brace balance
PASS: AERISBootstrap.cs parenthesis balance
PASS: AERISBootstrap.cs bracket balance
[v0.18.0.0 CP2 FMJ-style Preload status toolbar] 55/55 PASS

=== selftest_v01800_cp2_csharp_compile_regression.py rc=0 duration=1.501s ===
PASS: terrain tile system source exists
PASS: navigation display source exists
PASS: disk-write availability is initialized before the synchronization scope
PASS: disk-write availability declaration precedes lock scope
PASS: disk-write availability is assigned from the read-aware limit inside lock scope
PASS: disk writes reserve the last I/O slot while reads are pending
PASS: disk-write availability is not block-scoped inside lock
PASS: initialized availability is consumed after lock scope
PASS: traffic frame is initialized before short-circuit expression
PASS: traffic frame short-circuit acquisition remains intact
PASS: invalid traffic frame is explicitly cleared
PASS: definitely assigned traffic frame reaches map interaction
PASS: GPU Draw has the explicit progressive draw-state return type
PASS: navigation display initializes progressive draw state
PASS: navigation display assigns renderer result before use
PASS: every progressive renderer exit returns the initialized state field
PASS: progressive draw-state enum is compiled in shared terrain contracts
PASS: preview slope interval variables are assigned before use
PASS: RAM preview telemetry accepts the already imported generic collection contract
PASS: terrain display mode enum can be parsed
PASS: all terrain display mode references resolve to declared enum members
PASS: terrain request generation uses Automatic, never the nonexistent Auto member
PASS: runway placement quarantine detail is initialized before short-circuit
PASS: runway placement stored initialization precedes witness-library null gate
PASS: uninitialized runway placement quarantine detail cannot regress
[v0.18.0.0 CP2 C# definite-assignment compile regression] 25/25 PASS

=== selftest_v01800_cp2_render_hotfix2.py rc=0 duration=2.342s ===
PASS: progressive transparent HD overlay: AERISTerrainGpuDrawState
PASS: progressive transparent HD overlay: MeasureViewportCoverage
PASS: progressive transparent HD overlay: samplesPerAxis = 11
PASS: progressive transparent HD overlay: coverageRects
PASS: progressive transparent HD overlay: ResolveScaleCorrectedRenderMatrix
PASS: progressive transparent HD overlay: GL.Clear(true, true, Color.clear)
PASS: progressive transparent HD overlay: GUI.DrawTextureWithTexCoords
PASS: all-or-nothing viewport promotion gate was removed
PASS: renderer reports partial and complete coverage explicitly
PASS: complete state is reserved for effectively full viewport coverage
PASS: coverage is measured before GPU target composition
PASS: aligned CPU terrain is drawn before progressive HD overlay
PASS: safe progressive fallback: AERISTerrainGpuDrawState.Partial
PASS: safe progressive fallback: HD TERRAIN BUILD 
PASS: safe progressive fallback: LegacyTerrainGridMatchesView
PASS: safe progressive fallback: TERRAIN TILE COVERAGE LOADING
PASS: safe progressive fallback: terrain.TrackUp != trackUp
PASS: safe progressive fallback: Mathf.DeltaAngle(terrain.MapHeadingDeg
PASS: remote PLAN never stretches the aircraft-centred legacy grid
PASS: ConfigNode production-root compatibility: ResolveRoot(ConfigNode.Load(PathName))
PASS: ConfigNode production-root compatibility: ResolveRoot(ConfigNode.Load(temporary))
PASS: ConfigNode production-root compatibility: loaded.GetNode("AERIS_ND_PROFILES")
PASS: ConfigNode production-root compatibility: loaded.HasValue("schemaVersion")
PASS: round-trip validation accepts Mono generic roots
PASS: draw-state contract has stable none/partial/complete values
PASS: isolated TRACK-UP tile is visible as partial, never promoted complete
PASS: wide coarse coverage is complete in NORTH-UP
PASS: wide coarse coverage is complete in rotated TRACK-UP
PASS: CP2 acceptance runner retains progressive render regression
[v0.18.0.0 CP2 progressive HD overlay and profile persistence] 29/29 PASS

=== selftest_v01800_cp2_supply_pipeline_hotfix3.py rc=0 duration=2.342s ===
PASS: explicit supply contract: AERISTerrainRequestLane
PASS: explicit supply contract: Viewport = 0
PASS: explicit supply contract: Landing = 1
PASS: explicit supply contract: LookAhead = 2
PASS: explicit supply contract: Background = 3
PASS: explicit supply contract: AERISTerrainSamplingStage
PASS: explicit supply contract: Preview = 0
PASS: explicit supply contract: Final = 1
PASS: explicit supply contract: FinalResolution
PASS: explicit supply contract: ViewDistanceMeters
PASS: stale plan cancellation: desiredRequestIds
PASS: stale plan cancellation: desiredVisibleIds
PASS: stale plan cancellation: diskLoadingRequests
PASS: stale plan cancellation: ram.CountPreviewTiles(desiredRequestIds)
PASS: stale plan cancellation: ReconcilePlannedRequests
PASS: stale plan cancellation: runtime.Scheduler.CancelKey
PASS: stale plan cancellation: OBSOLETE TERRAIN REQUESTS CANCELLED
PASS: obsolete work is cancelled before admitting a new viewport plan
PASS: selected-runway LAND candidates are reserved before look-ahead expansion
PASS: starvation-free lane ordering: AERISTerrainRequestLane.Viewport
PASS: starvation-free lane ordering: AERISTerrainRequestLane.Landing
PASS: starvation-free lane ordering: AERISTerrainRequestLane.LookAhead
PASS: starvation-free lane ordering: AERISTerrainRequestLane.Background
PASS: starvation-free lane ordering: requestScratch.Sort(CompareRequests)
PASS: starvation-free lane ordering: int readLane = ((int)a.ReadLane).CompareTo((int)b.ReadLane)
PASS: starvation-free lane ordering: int lane = ((int)a.Lane).CompareTo((int)b.Lane)
PASS: starvation-free lane ordering: int stage = ((int)a.Stage).CompareTo((int)b.Stage)
PASS: preview then final refinement: ResolvePreviewResolution
PASS: preview then final refinement: Global: desired = 5
PASS: preview then final refinement: Far:
                case AERISTerrainTileLod.Route: desired = 7
PASS: preview then final refinement: default: desired = 9
PASS: preview then final refinement: CloneForFinal
PASS: preview then final refinement: TERRAIN PREVIEW AVAILABLE
PASS: preview then final refinement: TERRAIN BLOCK DETAIL
PASS: global preview uses 25 samples
PASS: far/route preview uses 49 samples
PASS: local/LAND preview uses 81 samples
PASS: normal final detail remains 1089 samples
PASS: largest preview is under one tenth of normal final work
PASS: bounded deduplicated admission: states.TryGetValue(id, out existing)
PASS: bounded deduplicated admission: existing.Request.RequestSequence = Math.Max
PASS: bounded deduplicated admission: MaximumActiveTiles = 48
PASS: bounded deduplicated admission: states.Count >= MaximumActiveTiles
PASS: bounded deduplicated admission: FindLowestPriorityRequestLocked
PASS: bounded deduplicated admission: maximum * 2
PASS: time-bounded PQS supply: TilePqsQueriesPerSecond
PASS: time-bounded PQS supply: MaximumTileSamplesPerFrame
PASS: time-bounded PQS supply: TileMainThreadBudgetMs
PASS: time-bounded PQS supply: Stopwatch watch = Stopwatch.StartNew()
PASS: time-bounded PQS supply: watch.Elapsed.TotalMilliseconds < budget
PASS: time-bounded PQS supply: RecordTilePqsCost
PASS: time-bounded PQS supply: lastSamplingBatchSamples
PASS: time-bounded PQS supply: lastSamplingBatchMilliseconds
PASS: quality profile supply budget: TileMainThreadBudgetMs
PASS: quality profile supply budget: 120f, 6, 0.35f
PASS: quality profile supply budget: 360f, 16, 0.75f
PASS: quality profile supply budget: 720f, 32, 1.25f
PASS: quality profile supply budget: 1200f, 48, 1.80f
PASS: only final tiles enter persistent disk-write path
PASS: preview provenance is preserved in immutable RAM tiles
PASS: progressive GPU composition: AERISTerrainGpuDrawState.Partial
PASS: progressive GPU composition: MeasureViewportCoverage
PASS: progressive GPU composition: GL.Clear(true, true, Color.clear)
PASS: progressive GPU composition: LastCoverageFraction
PASS: CPU terrain remains under transparent partial GPU coverage
PASS: partial coverage progress is visible without hiding symbols
PASS: preview slope cell-size correction: finalIntervals
PASS: preview slope cell-size correction: actualIntervals
PASS: preview slope cell-size correction: finalIntervals / actualIntervals
PASS: field telemetry column: terrain_tile_preview_generated
PASS: field telemetry column: terrain_tile_final_generated
PASS: field telemetry column: terrain_tile_obsolete_cancelled
PASS: field telemetry column: terrain_tile_desired
PASS: field telemetry column: terrain_tile_visible
PASS: field telemetry column: terrain_tile_preview_count
PASS: field telemetry column: terrain_tile_sample_batch
PASS: field telemetry column: terrain_tile_sample_batch_ms
PASS: field telemetry column: terrain_tile_pqs_sample_ema_ms
PASS: field telemetry column: terrain_gpu_coverage
PASS: terrain supply creates no private worker pool
PASS: terrain supply never consumes Safety/LAND worker lanes
PASS: CP2 runner includes supply-pipeline regression
PASS: visible viewport preview wins independent scheduler model
PASS: new view cancels three obsolete requests
PASS: reconciled request set is bounded by the newest plan
[v0.18.0.0 CP2 Terrain Supply Hotfix 3 pipeline] 85/85 PASS

=== selftest_v01800_cp2_field_render_consistency_hotfix1.py rc=0 duration=2.037s ===
PASS: tile completion contract: SamplingComplete
PASS: tile completion contract: SamplingComplete = SamplingComplete
PASS: in-progress request continuity: SamplingComplete = !partial
PASS: in-progress request continuity: IsPreview = state.Request.Stage ==
PASS: in-progress request continuity: RefreshActive
PASS: in-progress request continuity: state.Commit(state.Request, tile, final)
PASS: in-progress request continuity: (int)request.WorkOwner
PASS: queued and disk-loading request merge carries TerrainGeneration
PASS: progressive completion handling: bool samplingComplete = tile.SamplingComplete
PASS: progressive completion handling: ReconcileRequestWithRamTile(request, tile)
PASS: progressive completion handling: ReconcileRequestWithRamTile(next, existing)
PASS: progressive completion handling: blockPipeline.RefreshActive(request, IsFlightRequestCurrent)
PASS: progressive completion handling: availableCoverage += Math.Max
PASS: progressive completion handling: tile.Quality / 100.0
PASS: fidelity stage and sampling progress remain independent
PASS: persistent preload database rejects incomplete final-stage tiles
PASS: encoded completion requires both sampling completion and final fidelity
PASS: AUTO quality profile changes still trigger a bounded replan
PASS: palette/display mode never invalidates body-fixed terrain requests
PASS: profile replan preserves overlapping in-progress terrain work
PASS: seamless progressive composition: CoverageRegion
PASS: seamless progressive composition: ResolveRenderableEntries
PASS: seamless progressive composition: EntryCoversPoint
PASS: seamless progressive composition: TriangleCoverage
PASS: seamless progressive composition: candidateCurrentStyle
PASS: seamless progressive composition: currentEntry == null
PASS: seamless progressive composition: fallbackEntry != null
PASS: seamless progressive composition: entry.CoverageFraction >= 0.999f
PASS: viewport coverage regions avoid per-entry heap allocation
PASS: new GPU entry is built before the visible predecessor is released
PASS: complete replacements eventually release superseded GPU entries
PASS: AUTO backlog evidence is latched for the complete evaluation window
PASS: AUTO degradation and recovery transitions are field-observable
PASS: range and palette-mode actions are field-observable
PASS: manual range selection is logged when leaving AUTO at the same range
PASS: mode/profile/range changes preserve body-fixed terrain generation
PASS: only profile/range events require request replanning
PASS: latest request generations survive same-key merge
PASS: 25% preview cannot launch concurrent final work
PASS: completed preview promotes exactly once to final work
PASS: partial final-resolution work stays in its matching stage
PASS: completed final tile requires no duplicate work
PASS: partial final alone is never reported complete
PASS: complete preview prevents progressive coverage regression
PASS: old contour style remains visible while new range style is pending
PASS: later healthy worker reports cannot erase observed backlog
PASS: CP2 acceptance runner includes field-render consistency regression
[v0.18.0.0 CP2 Field Render Consistency Hotfix 1] 47/47 PASS

=== selftest_v01800_cp2_alignment_diagnostic_hotfix1.py rc=0 duration=1.604s ===
PASS: explicit RenderTexture presentation orientation enum exists
PASS: DIRECT is the safe diagnostic default
PASS: terrain orientation is loaded and persisted
PASS: packaged default configuration selects DIRECT
PASS: backend UV heuristic no longer controls terrain presentation
PASS: DIRECT/FLIPPED presentation paths are explicit
PASS: alignment longitude helper has one definition
PASS: alignment diagnostics have invariant numeric formatting support
PASS: DIRECT presentation maps the RenderTexture ownship anchor to GUI ownship
PASS: rate-limited alignment diagnostics expose coordinates and coverage
PASS: visual fallback coverage is separated from requested-quality coverage
PASS: requested-quality coverage cannot count fallback entries
PASS: explicitly cleared LAND selection persists
PASS: registry can clear airfield, runway direction, and persisted state
PASS: a new user selection cancels the explicit-clear latch
PASS: ND CLEAR disarms LAND observation and clears the registry
PASS: preview-panel controls are excluded from map drag/preview handling
PASS: LAND geometry no longer disappears when a runway endpoint is off-screen
PASS: runway and LOC funnel segments use viewport clipping
PASS: bounded Liang-Barsky line clipping is implemented
PASS: high aircraft altitude no longer compresses GS geometry
PASS: GS profile includes persistent upper/lower funnel bounds
PASS: clipping model preserves a horizontal ILS segment across the viewport
PASS: clipping model rejects a fully external segment
PASS: clipping model preserves a vertical crossing segment
PASS: build entrypoint identifies the diagnostic checkpoint
PASS: AVC metadata identifies the diagnostic checkpoint
PASS: BANK source remains byte-identical
[v0.18.0.0 CP2 Alignment Diagnostic Hotfix 1] 28/28 PASS

=== selftest_v01800_cp2_runway_terrain_safety_hotfix1.py rc=0 duration=2.542s ===
PASS: runway certification cache algorithm is invalidated
PASS: runway direction safety model: ThresholdBearingDeg
PASS: runway direction safety model: HeadingGeometryErrorDeg
PASS: runway direction safety model: HeadingMatchesGeometry
PASS: runway direction safety model: GeometryDirectionAutoCorrected
PASS: runway direction safety model: GeometryDirectionDetail
PASS: certified geometry requires heading/end-point consistency
PASS: heading/end-point tolerance is bounded to ten degrees
PASS: resolver reciprocal safety: NormalizeDirectionGeometry(direction)
PASS: resolver reciprocal safety: reciprocal endpoint order corrected
PASS: resolver reciprocal safety: Swap(ref direction.Threshold
PASS: resolver reciprocal safety: HeadingDifference(direction.HeadingDeg
PASS: resolver reciprocal safety: ReciprocalMismatch
PASS: resolver reciprocal safety: RUNWAY GEOMETRY HEADING MISMATCH
PASS: resolver reciprocal safety: CERTIFICATION REJECTED
PASS: endpoint direction is normalized before touchdown/GS references are generated
PASS: Kola-class reciprocal endpoint mismatch is auto-correctable
PASS: heading difference wraps correctly
PASS: LAND observation/arming safety: !direction.HeadingMatchesGeometry
PASS: LAND observation/arming safety: RUNWAY GEOMETRY HEADING MISMATCH
PASS: LAND observation/arming safety: OnApproachSide
PASS: LAND observation/arming safety: double.NaN
PASS: LAND observation/arming safety: NOT ON APPROACH SIDE
PASS: LAND observation/arming safety: GlidePathText
PASS: LAND observation/arming safety: return "N/A"
PASS: future Track Token handoff rejects invalid direction geometry
PASS: public Track Token constructor boundary rejects invalid direction geometry
PASS: LAND safety hotfix remains observation-only: FlightCtrlState
PASS: LAND safety hotfix remains observation-only: MainThrottle
PASS: LAND safety hotfix remains observation-only: mainThrottle
PASS: LAND safety hotfix remains observation-only: wheelThrottle
PASS: LAND safety hotfix remains observation-only: wheelSteer
PASS: LAND safety hotfix remains observation-only: OnFlyByWire
PASS: ND fails safe for invalid/wrong-side approach: RUNWAY GEOMETRY INVALID
PASS: ND fails safe for invalid/wrong-side approach: LOC N/A\nNOT ON APPROACH SIDE
PASS: ND fails safe for invalid/wrong-side approach: GS N/A\nRUNWAY GEOMETRY INVALID
PASS: ND fails safe for invalid/wrong-side approach: GS N/A\nNOT ON APPROACH SIDE
PASS: ND fails safe for invalid/wrong-side approach: DrawClippedLine
PASS: LAND UI exposes safety state: Geometry bearing
PASS: LAND UI exposes safety state: heading error
PASS: LAND UI exposes safety state: LAND ARM INHIBITED
PASS: LAND UI exposes safety state: RECIPROCAL ENDPOINT ORDER AUTO-CORRECTED
PASS: LAND UI exposes safety state: GP target N/A
PASS: LAND UI exposes safety state: "N/A"
PASS: terrain worker land/water boundary: ElevationMeters
PASS: terrain worker land/water boundary: CoastlineSegments
PASS: terrain worker land/water boundary: BuildCoastlines
PASS: terrain worker land/water boundary: tile.Flags[a] == 2
PASS: terrain worker land/water boundary: AddWaterCrossing
PASS: GPU terrain explicit-colour safety: LandMesh
PASS: GPU terrain explicit-colour safety: WaterMesh
PASS: GPU terrain explicit-colour safety: CoastlineMesh
PASS: GPU terrain explicit-colour safety: AppendClippedTriangle
PASS: GPU terrain explicit-colour safety: ResolveRelativeLandColour
PASS: GPU terrain explicit-colour safety: ResolveTopographicLandColour
PASS: GPU terrain explicit-colour safety: ResolveWaterColour
PASS: GPU terrain explicit-colour safety: aircraftAltitudeAslMeters - terrainAltitudeMeters
PASS: GPU terrain explicit-colour safety: return new Color32(8, 52, 118, 255)
PASS: GPU terrain explicit-colour safety: CoastlineHalfWidthNormalized
PASS: GPU terrain explicit-colour safety: EXPLICIT_VERTEX
PASS: GPU terrain explicit-colour safety: water=FIXED_BLUE
PASS: unreliable built-in shader palette transform is removed
PASS: land warning colours cannot interpolate into the water mesh
PASS: coastline has a dedicated band while contours remain thin lines
PASS: GPU AUTO has a safe capability fallback distinct from forced ON
PASS: REL low-clearance warning
PASS: REL intermediate warning
PASS: REL caution band
PASS: REL high-clearance safe band
PASS: build identity names the runway/terrain safety hotfix
[v0.18.0.0 CP2 runway/terrain safety hotfix 1] 70/70 PASS

=== selftest_v01800_cp2_closure_candidate1.py rc=0 duration=1.225s ===
PASS: ND LAND snapshot preserves: OnApproachSide = source.OnApproachSide
PASS: ND LAND snapshot preserves: RunwayGeometryDirectionValid = source.RunwayGeometryDirectionValid
PASS: ND LAND snapshot preserves: LocalizerGeometryEligible = source.LocalizerGeometryEligible
PASS: ND LAND snapshot preserves: GlidePathGeometryEligible = source.GlidePathGeometryEligible
PASS: LAND observation derives direction validity from certified frozen geometry
PASS: LAND observation computes the approach-side state before ND caching
PASS: shared coastline policy is compiled
PASS: coastline conservative boundary policy: LandInsetFraction = 0.38f
PASS: coastline conservative boundary policy: CrossingFraction
PASS: coastline conservative boundary policy: return water0 ? 1f - LandInsetFraction : LandInsetFraction
PASS: land/water fill uses the shared conservative shoreline
PASS: visible coastline uses the identical shoreline crossing
PASS: coastline follows fill triangulation: AddTriangleCoastline
PASS: coastline follows fill triangulation: Match the exact triangle diagonal
PASS: coastline follows fill triangulation: pointCount != 2
PASS: coastline no longer assumes a midpoint independent of the fill boundary
PASS: surface clipping no longer uses an unrelated midpoint boundary
PASS: coastline bias is bounded and conservative
PASS: crossing is orientation invariant
PASS: terrain source shading is softened: 0.82f + diffuse * 0.20f
PASS: terrain source shading is softened: 0.82f, 1.04f
PASS: mode-aware final shading is bounded: AERISTerrainDisplayMode mode
PASS: mode-aware final shading is bounded: Relative ? 0.30f : 0.55f
PASS: mode-aware final shading is bounded: 0.94f, 1.02f
PASS: mode-aware final shading is bounded: 0.88f, 1.035f
PASS: build identity names the CP2 closure candidate
PASS: Autopilot/AERISBankDirector.cs remains byte-identical
PASS: LAND closure remains observation-only: FlightCtrlState
PASS: LAND closure remains observation-only: MainThrottle
PASS: LAND closure remains observation-only: mainThrottle
PASS: LAND closure remains observation-only: OnFlyByWire
[v0.18.0.0 CP2 closure candidate 1] 31/31 PASS

=== selftest_v01800_cp2_runway_map_lock_hotfix1.py rc=0 duration=1.428s ===
PASS: per-vertex spherical terrain projection: GeographicUnitPoint
PASS: per-vertex spherical terrain projection: AERISNdMapProjection
PASS: per-vertex spherical terrain projection: BuildGeographicPoints
PASS: per-vertex spherical terrain projection: EnsureProjectedGeometry
PASS: per-vertex spherical terrain projection: ProjectMesh
PASS: per-vertex spherical terrain projection: LandGeographicPoints
PASS: per-vertex spherical terrain projection: WaterGeographicPoints
PASS: per-vertex spherical terrain projection: ContourGeographicPoints
PASS: per-vertex spherical terrain projection: CoastlineGeographicPoints
PASS: per-vertex spherical terrain projection: LandProjectedVertices
PASS: per-vertex spherical terrain projection: WaterProjectedVertices
PASS: per-vertex spherical terrain projection: geometryProjection=SHARED_SCALE_CORRECTED
PASS: per-vertex spherical terrain projection: DrawEntry(fallbackEntry, mapRotation
PASS: per-vertex spherical terrain projection: DrawEntry(currentEntry, mapRotation
PASS: per-vertex spherical terrain projection: mesh.MarkDynamic()
PASS: per-vertex spherical terrain projection: mesh.UploadMeshData(false)
PASS: per-vertex spherical terrain projection: movementThresholdMeters
PASS: tile rectangle is never used as the terrain draw transform
PASS: terrain meshes receive only the shared map-heading matrix
PASS: worker carries immutable tile geography: SouthLatitudeDeg
PASS: worker carries immutable tile geography: NorthLatitudeDeg
PASS: worker carries immutable tile geography: WestLongitudeDeg
PASS: worker carries immutable tile geography: EastLongitudeDeg
PASS: runway geodetic endpoint contract: internal double LatitudeADeg
PASS: runway geodetic endpoint contract: internal double LongitudeADeg
PASS: runway geodetic endpoint contract: internal double LatitudeBDeg
PASS: runway geodetic endpoint contract: internal double LongitudeBDeg
PASS: runway geodetic endpoint contract: LatitudeADeg = item.LatitudeADeg
PASS: runway geodetic endpoint contract: LongitudeBDeg = item.LongitudeBDeg
PASS: live-centre runway projection: TryProjectGeographicPoint(vessel.mainBody
PASS: live-centre runway projection: runway.LatitudeADeg
PASS: live-centre runway projection: runway.LongitudeBDeg
PASS: live-centre runway projection: runway.CenterLatitudeDeg,
PASS: live-centre runway projection: double centerLatitudeDeg = planMode ? planCenterLatitudeDeg
PASS: runway draw no longer subtracts a stale prepared tangent-frame origin
PASS: runway mouse hit-testing uses the same live geodetic projection
PASS: submitted Global rectangle reproduces >40 m runway/terrain displacement
PASS: spherical terrain vertex and live runway geodesic agree below 5 cm
PASS: build and AVC identity name the runway/map lock hotfix
PASS: Autopilot/AERISBankDirector.cs remains byte-identical
PASS: Terrain/AERISTerrainGpuTileRenderer.cs remains control-free: FlightCtrlState
PASS: Terrain/AERISTerrainGpuTileRenderer.cs remains control-free: MainThrottle
PASS: Terrain/AERISTerrainGpuTileRenderer.cs remains control-free: mainThrottle
PASS: Terrain/AERISTerrainGpuTileRenderer.cs remains control-free: OnFlyByWire
PASS: Performance/AERISNavigationDisplayPipeline.cs remains control-free: FlightCtrlState
PASS: Performance/AERISNavigationDisplayPipeline.cs remains control-free: MainThrottle
PASS: Performance/AERISNavigationDisplayPipeline.cs remains control-free: mainThrottle
PASS: Performance/AERISNavigationDisplayPipeline.cs remains control-free: OnFlyByWire
PASS: UI/AERISNavigationDisplay.cs remains control-free: FlightCtrlState
PASS: UI/AERISNavigationDisplay.cs remains control-free: MainThrottle
PASS: UI/AERISNavigationDisplay.cs remains control-free: mainThrottle
PASS: UI/AERISNavigationDisplay.cs remains control-free: OnFlyByWire
[v0.18.0.0 CP2 runway/map geodetic lock hotfix 1] 52/52 PASS

=== selftest_v01800_cp2_runway_map_lock_hotfix2_preload_fastpath1.py rc=0 duration=1.373s ===
PASS: shared scale-corrected projection: internal struct AERISNdMapProjection
PASS: shared scale-corrected projection: HorizontalMeters = Math.Max(1.0, rangeMeters * 1.30)
PASS: shared scale-corrected projection: VerticalMeters = Math.Max(1.0, rangeMeters)
PASS: shared scale-corrected projection: ProjectLatitudeLongitudeToGui
PASS: shared scale-corrected projection: ProjectUnitToRenderNUp
PASS: shared scale-corrected projection: ResolveScaleCorrectedRenderMatrix
PASS: shared scale-corrected projection: verticalOverHorizontal
PASS: shared scale-corrected projection: horizontalOverVertical
PASS: shared scale-corrected projection: PresentRenderToGui
PASS: terrain projection/map-lock guard: AERISNdMapProjection.Create(
PASS: terrain projection/map-lock guard: projection.ResolveScaleCorrectedRenderMatrix()
PASS: terrain projection/map-lock guard: geometryProjection=SHARED_SCALE_CORRECTED
PASS: terrain projection/map-lock guard: runwayMapLockErrorPx=
PASS: terrain projection/map-lock guard: terrain commit rejected; errorPx=
PASS: terrain projection/map-lock guard: lastRunwayMapLockErrorPixels > 1.0f
PASS: runway and terrain share projection: TryProjectGeographicPoint(vessel.mainBody
PASS: runway and terrain share projection: AERISNdMapProjection.Create(body
PASS: runway and terrain share projection: ResolveMapLockReference()
PASS: legacy normalized-space rotation path is removed
PASS: duplicate terrain-only projection context is removed
PASS: plain normalized rotation reproduces visible anisotropic drift
PASS: scale-corrected matrix exactly matches metre-space rotation
PASS: preload fast-path contract: internal enum AERISTerrainPreloadSpeedProfile
PASS: preload fast-path contract: Balanced = 0
PASS: preload fast-path contract: Fast = 1
PASS: preload fast-path contract: Maximum = 2
PASS: preload fast-path contract: BuilderPqsSamplesPerSecond
PASS: preload fast-path contract: BuilderPqsSampleCacheHitRatio
PASS: preload fast-path contract: BuilderChunkBatchTiles
PASS: preload fast-path contract: DatabaseParsedChunkCacheHitRatio
PASS: speed profile persistence: TerrainPreloadSpeedProfile
PASS: speed profile persistence: terrainPreloadSpeedProfile
PASS: speed profile persistence: AERISTerrainPreloadSpeedProfile.Balanced
PASS: builder fast path: SetSpeedProfile
PASS: builder fast path: ApplySpeedProfile
PASS: builder fast path: pqsSampleCostEmaMs
PASS: builder fast path: 8.0f : 4.0f
PASS: builder fast path: ScheduleReadyChunkBatches
PASS: builder fast path: batch.Tiles.Count >= 8
PASS: builder fast path: now - batch.FirstQueuedRealtime >= 0.35f
PASS: builder fast path: BoundarySampleCacheHitRatio
PASS: builder fast path: database.SaveBatch
PASS: builder fast path: preload-terrain-chunk-batch:
PASS: preload final-only progressive bypass: preloadFinalOnly
PASS: preload final-only progressive bypass: intermediateCommitsSkipped
PASS: preload final-only progressive bypass: state.Request.WorkOwner ==
PASS: preload final-only progressive bypass: AERISTerrainWorkOwner.PreloadBuilder
PASS: Flight progressive commits remain available
PASS: bounded shared edge-sample cache: BoundarySampleKey
PASS: bounded shared edge-sample cache: MaximumBoundarySamples = 131072
PASS: bounded shared edge-sample cache: boundarySamples.TryGetValue
PASS: bounded shared edge-sample cache: PutBoundarySample
PASS: bounded shared edge-sample cache: LatitudeNanodegrees
PASS: bounded shared edge-sample cache: LongitudeNanodegrees
PASS: batched database/parsed chunk cache: internal bool SaveBatch
PASS: batched database/parsed chunk cache: CommitEncodedChunkLocked
PASS: batched database/parsed chunk cache: List<AERISTerrainPreloadEncodedTile>
PASS: batched database/parsed chunk cache: preload chunk batch round-trip mismatch
PASS: batched database/parsed chunk cache: SaveManifestLocked()
PASS: batched database/parsed chunk cache: ParsedChunkCacheLimitBytes = 64L * 1024L * 1024L
PASS: batched database/parsed chunk cache: TryReadParsedChunk
PASS: batched database/parsed chunk cache: UpdateParsedChunkCache
PASS: batched database/parsed chunk cache: CloneEncodedDictionary
PASS: batched database/parsed chunk cache: DatabaseParsedChunkCacheHits
PASS: SaveBatch updates the manifest once for the whole batch
PASS: per-chunk helper does not multiply manifest writes
PASS: speed control/status UI: SetPreloadSpeedProfile
PASS: speed control/status UI: PRELOAD SPEED
PASS: speed control/status UI: BALANCED
PASS: speed control/status UI: MAXIMUM
PASS: speed control/status UI: FAST PATH  batch
PASS: speed control/status UI: parsed chunk hit
PASS: CSV telemetry: preload_builder_pqs_samples_per_sec
PASS: CSV telemetry: preload_builder_pqs_sample_cache_hit_ratio
PASS: CSV telemetry: preload_builder_chunk_batch_tiles
PASS: CSV telemetry: preload_builder_intermediate_commits_skipped
PASS: CSV telemetry: terrain_db_parsed_chunk_cache_hit_ratio
PASS: build, generated version and AVC identify the combined hotfix
PASS: combined hotfix selftest is part of CP2 acceptance
PASS: Autopilot/AERISBankDirector.cs remains byte-identical
PASS: Terrain/AERISNdMapProjection.cs remains control-free: FlightCtrlState
PASS: Terrain/AERISNdMapProjection.cs remains control-free: MainThrottle
PASS: Terrain/AERISNdMapProjection.cs remains control-free: mainThrottle
PASS: Terrain/AERISNdMapProjection.cs remains control-free: OnFlyByWire
PASS: Terrain/AERISTerrainGpuTileRenderer.cs remains control-free: FlightCtrlState
PASS: Terrain/AERISTerrainGpuTileRenderer.cs remains control-free: MainThrottle
PASS: Terrain/AERISTerrainGpuTileRenderer.cs remains control-free: mainThrottle
PASS: Terrain/AERISTerrainGpuTileRenderer.cs remains control-free: OnFlyByWire
PASS: Terrain/AERISTerrainPreloadBuilder.cs remains control-free: FlightCtrlState
PASS: Terrain/AERISTerrainPreloadBuilder.cs remains control-free: MainThrottle
PASS: Terrain/AERISTerrainPreloadBuilder.cs remains control-free: mainThrottle
PASS: Terrain/AERISTerrainPreloadBuilder.cs remains control-free: OnFlyByWire
PASS: Terrain/AERISTerrainPreloadDatabase.cs remains control-free: FlightCtrlState
PASS: Terrain/AERISTerrainPreloadDatabase.cs remains control-free: MainThrottle
PASS: Terrain/AERISTerrainPreloadDatabase.cs remains control-free: mainThrottle
PASS: Terrain/AERISTerrainPreloadDatabase.cs remains control-free: OnFlyByWire
PASS: UI/AERISNavigationDisplay.cs remains control-free: FlightCtrlState
PASS: UI/AERISNavigationDisplay.cs remains control-free: MainThrottle
PASS: UI/AERISNavigationDisplay.cs remains control-free: mainThrottle
PASS: UI/AERISNavigationDisplay.cs remains control-free: OnFlyByWire
[v0.18.0.0 CP2 runway map lock hotfix 2 + preload fast path 1] 100/100 PASS

=== selftest_v01800_cp2_runway_map_lock_hotfix2_compile_hotfix1.py rc=0 duration=1.915s ===
PASS: projection imports Settings namespace containing render orientation enum
PASS: render target orientation enum remains defined in Settings namespace
PASS: projection references the imported orientation type
PASS: both dependent source files are compiled by xbuild
PASS: compile hotfix build identity is consistent
[v0.18.0.0 CP2 runway map lock hotfix 2 compile hotfix 1] 5/5 PASS

=== selftest_v01800_cp2_runway_presentation_ui_hotfix1.py rc=0 duration=2.143s ===
PASS: off-scale runway pointer originates from the aircraft map anchor
PASS: legacy plot-center pointer origin is removed
PASS: off-scale pointer is labelled with current runway distance
PASS: off-scale distance is recomputed from the current map center
PASS: approach-direction selector is present
PASS: direction selector toggles only the two ends of the preview runway
PASS: bottom control order is ARM CENTER APPROACH SELECT CLEAR
PASS: button widths are derived from available panel width
PASS: old top-right CLR SEL button is removed
PASS: CLEAR disarms LAND and clears the selection
PASS: current build identity is consistent
[v0.18.0.0 CP2 runway presentation UI hotfix 1] 11/11 PASS

=== selftest_v01800_cp2_kk_runway_absolute_registration_hotfix1.py rc=0 duration=2.347s ===
PASS: global runway certification algorithm is current
PASS: targeted KK/SLE absolute-placement revision advances for axis registration
PASS: KK/SLE source fingerprint invalidates only targeted old cache entries
PASS: required and available absolute-placement states are distinct
PASS: placed static instance is used as the independent survey origin
PASS: launch transform is retained as an independent absolute anchor
PASS: launch heading and provider-to-launch separation are captured
PASS: absolute placement is targeted to KK and SLE providers
PASS: dedicated fail-closed certification code exists
PASS: missing required launch anchor is rejected before certification
PASS: worker applies absolute placement before accepting a runway candidate
PASS: launch heading is telemetry only and cannot certify the physical runway axis
PASS: launch anchor must lie within the physical longitudinal runway interval
PASS: absolute lateral correction is bounded
PASS: only the measured centerline cross-track position is translated
PASS: absolute placement correction does not rewrite physical longitudinal endpoints
PASS: absolute placement diagnostics are preserved on the candidate
PASS: absolute placement failure has strongest rejection priority
PASS: main-thread resolver independently refuses invalid absolute placement
PASS: field log exposes absolute registration evidence
PASS: placement log field exists: providerToLaunchM=
PASS: placement log field exists: launchCrossBeforeM=
PASS: placement log field exists: launchCrossAfterM=
PASS: placement log field exists: launchAlongM=
PASS: placement log field exists: launchHeadingTelemetryErrorDeg=
PASS: placement log field exists: correctionM=
PASS: placement log field exists: absolutePlacementValid=
PASS: certification exposes absolute placement state
PASS: certification exposes pre-correction launch cross-track
PASS: absolute registration logic remains control-free
PASS: absolute registration logic cannot write throttle
PASS: build identity is consistent
PASS: north-south runway lateral offset is corrected without longitudinal motion
PASS: east-west runway lateral offset is corrected without longitudinal motion
PASS: oblique runway correction places launch anchor on the measured centerline
PASS: current hotfix document exists: Docs/ND_CP2_KK_RUNWAY_ABSOLUTE_REGISTRATION_HOTFIX_1_TEST_CARD_v0.18.0.0_ja.md
PASS: current hotfix document exists: Docs/HANDOVER_AERIS14_v0.18.0.0_CP2_KK_RUNWAY_ABSOLUTE_REGISTRATION_HOTFIX1_ja.md
PASS: current hotfix document exists: Evidence/SOURCE_DIFF_AUDIT_v0.18.0.0_CP2_KK_RUNWAY_ABSOLUTE_REGISTRATION_HOTFIX1.txt
[v0.18.0.0 CP2 KK runway absolute registration hotfix 1] 38/38 PASS

=== selftest_v01800_cp2_kk_runway_axis_registration_hotfix1.py rc=0 duration=9.812s ===
PASS: targeted KK/SLE axis-registration revision exists
PASS: KK/SLE source fingerprint invalidates targeted old axis cache entries
PASS: worker extracts an independent physical runway-surface axis
PASS: axis extraction uses a bounded stripe search with continuity scoring
PASS: dense apron-only or discontinuous diagonal stripes are penalized
PASS: selected runway stripe is refined by physical-point PCA
PASS: surface-axis filter excludes semantic: Taxiway
PASS: surface-axis filter excludes semantic: Apron
PASS: surface-axis filter excludes semantic: Platform
PASS: surface-axis filter excludes semantic: Obstacle
PASS: surface-axis filter excludes semantic: NaturalSurface
PASS: surface-axis filter excludes semantic: ApproachLight
PASS: independent surface evidence is explicitly tracked
PASS: certification fails closed without independent surface evidence
PASS: accepted geometry candidate must follow the measured surface axis
PASS: runway designator is only a broad sanity gate
PASS: diagnostics distinguish launch-reference heading from corrected mesh heading
PASS: heading correction reports the actual old-to-physical axis rotation
PASS: axis correction precedes launch-position anchoring
PASS: launch heading is a broad sanity reference rather than physical axis truth
PASS: main-thread resolver independently rejects invalid KK/SLE axis registration
PASS: field diagnostics expose runway-axis registration
PASS: axis log field exists: meshRunwayHeadingDeg=
PASS: axis log field exists: launchTransformHeadingDeg=
PASS: axis log field exists: registeredHeadingBeforeDeg=
PASS: axis log field exists: registeredHeadingAfterDeg=
PASS: axis log field exists: headingCorrectionDeg=
PASS: axis log field exists: axisReference=LAUNCH_ANCHOR
PASS: axis log field exists: axisReferenceErrorDeg=
PASS: axis log field exists: surfaceAspect=
PASS: axis log field exists: surfacePoints=
PASS: axis log field exists: axisRegistrationValid=
PASS: certification parameters expose axis-registration state
PASS: axis registration remains control-free
PASS: axis registration cannot write throttle
PASS: native build identity includes the axis-registration hotfix
PASS: AVC metadata identifies the axis-registration hotfix
PASS: README identifies the axis-registration hotfix
PASS: synthetic legacy/provider heading is materially wrong
PASS: dense attached apron defeats naive whole-mesh PCA
PASS: continuity-scored stripe search selects the runway direction
PASS: PCA refinement recovers the physical runway axis
PASS: reported axis correction is non-zero for the faulty registration
PASS: current axis hotfix document exists: Docs/CP2_KK_RUNWAY_AXIS_REGISTRATION_HOTFIX_1_v0.18.0.0_ja.md
PASS: current axis hotfix document exists: Docs/ND_CP2_KK_RUNWAY_AXIS_REGISTRATION_HOTFIX_1_TEST_CARD_v0.18.0.0_ja.md
PASS: current axis hotfix document exists: Docs/HANDOVER_AERIS14_v0.18.0.0_CP2_KK_RUNWAY_AXIS_REGISTRATION_HOTFIX1_ja.md
PASS: current axis hotfix document exists: Evidence/SOURCE_DIFF_AUDIT_v0.18.0.0_CP2_KK_RUNWAY_AXIS_REGISTRATION_HOTFIX1.txt
[v0.18.0.0 CP2 KK runway axis registration hotfix 1] 47/47 PASS

=== selftest_v01800_cp2_kk_runway_axis_registration_compile_hotfix1.py rc=0 duration=1.802s ===
PASS: primitive-loop aspect uses a scope-unique identifier
PASS: primitive aspect identifier is consumed by the trust filter
PASS: refined PCA aspect uses a scope-unique identifier
PASS: refined PCA aspect identifier is consistently consumed
PASS: legacy local variable name aspect is absent from the affected method
PASS: build identity exposes compile hotfix 1
PASS: compile hotfix document exists: Docs/CP2_KK_RUNWAY_AXIS_REGISTRATION_COMPILE_HOTFIX_1_v0.18.0.0_ja.md
PASS: compile hotfix document exists: Docs/ND_CP2_KK_RUNWAY_AXIS_REGISTRATION_COMPILE_HOTFIX_1_TEST_CARD_v0.18.0.0_ja.md
PASS: compile hotfix document exists: Docs/HANDOVER_AERIS14_v0.18.0.0_CP2_KK_RUNWAY_AXIS_REGISTRATION_COMPILE_HOTFIX1_ja.md
PASS: compile hotfix document exists: Evidence/SOURCE_DIFF_AUDIT_v0.18.0.0_CP2_KK_RUNWAY_AXIS_REGISTRATION_COMPILE_HOTFIX1.txt
[v0.18.0.0 CP2 KK runway axis registration compile hotfix 1] 10/10 PASS

=== selftest_v01800_cp2_kk_runway_axis_reference_hotfix2.py rc=0 duration=1.098s ===
PASS: axis reference correction invalidates Hotfix 1 failure cache entries
PASS: targeted KK/SLE source fingerprint includes axis revision 2
PASS: axis-registration implementation slice is present
PASS: launch/spawn transform supplies the independent world-space axis reference
PASS: physical pavement axis is compared with the launch reference
PASS: launch reference remains a broad fail-closed sanity gate
PASS: KK static model orientation cannot reject internally rotated runway meshes
PASS: measured pavement stripe remains authoritative
PASS: runtime diagnostics identify the corrected reference source
PASS: telemetry field no longer mislabels launch-axis agreement as designator error
PASS: Hotfix 1 static-orientation gate reproduces the field rejection
PASS: launch-reference gate accepts the measured Dundard runway axis
PASS: reciprocal runway direction remains axis-equivalent
PASS: representative KK/SLE mesh/launch reciprocal pair passes: 163.69/343.69
PASS: representative KK/SLE mesh/launch reciprocal pair passes: 130.62/310.62
PASS: representative KK/SLE mesh/launch reciprocal pair passes: 137.65/317.65
PASS: representative KK/SLE mesh/launch reciprocal pair passes: 140.88/320.88
PASS: representative KK/SLE mesh/launch reciprocal pair passes: 136.14/316.14
PASS: representative KK/SLE mesh/launch reciprocal pair passes: 179.28/359.26
PASS: native build identity exposes axis reference hotfix 2
PASS: AVC metadata exposes axis reference hotfix 2
PASS: README identifies the current runtime regression fix
PASS: axis reference correction remains control-free
PASS: axis reference correction cannot command throttle
PASS: axis reference hotfix evidence exists: Docs/CP2_KK_RUNWAY_AXIS_REFERENCE_HOTFIX_2_v0.18.0.0_ja.md
PASS: axis reference hotfix evidence exists: Docs/ND_CP2_KK_RUNWAY_AXIS_REFERENCE_HOTFIX_2_TEST_CARD_v0.18.0.0_ja.md
PASS: axis reference hotfix evidence exists: Evidence/RUNTIME_DIAGNOSIS_AERISFlightControl16_CP2_AXIS_REFERENCE_HOTFIX2.txt
PASS: axis reference hotfix evidence exists: Evidence/SOURCE_DIFF_AUDIT_v0.18.0.0_CP2_KK_RUNWAY_AXIS_REFERENCE_HOTFIX2.txt
PASS: axis reference hotfix evidence exists: ACCEPTANCE_v0.18.0.0_CP2_KK_RUNWAY_AXIS_REFERENCE_HOTFIX2.txt
[v0.18.0.0 CP2 KK runway axis reference hotfix 2] 29/29 PASS

=== selftest_v01800_cp2_generic_runway_placement_verification_final_candidate3.py rc=0 duration=3.404s ===
PASS: runway algorithm revision is 1710
PASS: runway detector revision is 5
PASS: survey contract carries RunwayUserCalibrationPresent
PASS: survey contract carries RunwayUserCalibrationPending
PASS: survey contract carries RunwayPlacementMismatchObserved
PASS: survey contract carries RunwayPlacementObservationDetail
PASS: placement mismatch failure state exists
PASS: calibration schema is version 3 with schema 1/2 migration
PASS: schema 1 remains readable for migration
PASS: future calibration schema fails closed
PASS: calibration persistence carries placementMismatchObserved
PASS: calibration persistence carries observedCrossTrackMeters
PASS: calibration persistence carries observedAlongTrackMeters
PASS: calibration persistence carries observedCorridorGateMeters
PASS: calibration persistence carries placementObservationDetail
PASS: observed mismatch invalidates stale threshold A
PASS: observed mismatch invalidates stale threshold B
PASS: generic mismatch quarantine writer exists
PASS: mismatch status requires two-point calibration
PASS: threshold marking requires a parked runway vessel
PASS: threshold marking rejects a moving vessel
PASS: failed calibration persistence rolls in-memory state back
PASS: calibration lookup uses centralized provider identity matching
PASS: fallback calibration identity is body-scoped
PASS: user calibration remains AERIS-owned PluginData
PASS: package does not ship user-specific calibration data
PASS: placement check requires a parked ground vessel
PASS: placement check rejects a moving vessel
PASS: corridor gate includes runway half-width margin
PASS: corridor gate includes sanitized uncertainty margin
PASS: placement check validates the longitudinal window
PASS: placement check validates runway elevation
PASS: placement check sanitizes non-finite runway width
PASS: placement check sanitizes non-finite body radius
PASS: generic placement mismatch is persisted
PASS: mismatch quarantine triggers resurvey
PASS: placement verification is logged
PASS: generic verification method contains no Kola-specific branch
PASS: pending/mismatch calibration fails closed before geometry certification
PASS: worker explains observed mismatch quarantine
PASS: catalog manual-required runway remains fail closed
PASS: Kola catalog record exists
PASS: known Kola offset is routed to manual calibration
PASS: AIRFIELDS UI exposes generic CHECK HERE action
PASS: AIRFIELDS UI retains threshold A calibration
PASS: AIRFIELDS UI retains threshold B calibration
PASS: AIRFIELDS UI can clear a calibration/quarantine
PASS: ND only receives certified non-provisional runway geometry
PASS: CP2 runway debug runtime token removed: Cp2RunwaySurveyDebugVisible
PASS: CP2 runway debug runtime token removed: cp2RunwaySurveyDebugVisible
PASS: CP2 runway debug runtime token removed: Cp2SurveyDebugDetail
PASS: CP2 runway debug runtime token removed: RUNWAY_DEBUG_CANDIDATE
PASS: CP2 runway debug runtime token removed: CP2_RUNWAY_DEBUG
PASS: CP2 runway debug runtime token removed: Cp2DebugAirfields
PASS: CP2 runway debug runtime token removed: cp2DebugAirfields
PASS: CP2 runway debug runtime token removed: ResolveCp2DebugRunways
PASS: CP2 runway debug runtime token removed: CP2DBG_
PASS: build identity names final candidate 3
PASS: two runway snapshot constructor calls are present
PASS: snapshot constructor call 1 arity matches
PASS: snapshot constructor call 2 arity matches
PASS: C# brace balance: Source/AERISFlightControl/AA/AerisAAPaths.cs
PASS: C# brace balance: Source/AERISFlightControl/AA/AtmosphereAutopilot.cs
PASS: C# brace balance: Source/AERISFlightControl/AA/AutoHotkey.cs
PASS: C# brace balance: Source/AERISFlightControl/AA/AutoSerialization.cs
PASS: C# brace balance: Source/AERISFlightControl/AA/BackgroundThread.cs
PASS: C# brace balance: Source/AERISFlightControl/AA/CircularBuffer.cs
PASS: C# brace balance: Source/AERISFlightControl/AA/Common.cs
PASS: C# brace balance: Source/AERISFlightControl/AA/Controller/PController.cs
PASS: C# brace balance: Source/AERISFlightControl/AA/Controller/PDController.cs
PASS: C# brace balance: Source/AERISFlightControl/AA/Controller/PIController.cs
PASS: C# brace balance: Source/AERISFlightControl/AA/Controller/PIDController.cs
PASS: C# brace balance: Source/AERISFlightControl/AA/GUI/AutoGui.cs
PASS: C# brace balance: Source/AERISFlightControl/AA/GUI/DelayedField/DelayedFieldFloat.cs
PASS: C# brace balance: Source/AERISFlightControl/AA/GUI/DelayedField/DelayedFieldGeoCoordinates.cs
PASS: C# brace balance: Source/AERISFlightControl/AA/GUI/GUIStyles.cs
PASS: C# brace balance: Source/AERISFlightControl/AA/GUI/NeoGUIController.cs
PASS: C# brace balance: Source/AERISFlightControl/AA/GimbalRearranger.cs
PASS: C# brace balance: Source/AERISFlightControl/AA/GimbalWrappers.cs
PASS: C# brace balance: Source/AERISFlightControl/AA/ListSelector.cs
PASS: C# brace balance: Source/AERISFlightControl/AA/ListView.cs
PASS: C# brace balance: Source/AERISFlightControl/AA/Math/GradientLP.cs
PASS: C# brace balance: Source/AERISFlightControl/AA/Math/LinApprox.cs
PASS: C# brace balance: Source/AERISFlightControl/AA/Math/Matrix.cs
PASS: C# brace balance: Source/AERISFlightControl/AA/Math/OnlineLinTrainer.cs
PASS: C# brace balance: Source/AERISFlightControl/AA/Math/OnlineLinTrainerWindow.cs
PASS: C# brace balance: Source/AERISFlightControl/AA/Math/VectorArray.cs
PASS: C# brace balance: Source/AERISFlightControl/AA/MessageManager.cs
PASS: C# brace balance: Source/AERISFlightControl/AA/Models/FlightModel/EngineBalancing.cs
PASS: C# brace balance: Source/AERISFlightControl/AA/Models/FlightModel/EngineDynamics.cs
PASS: C# brace balance: Source/AERISFlightControl/AA/Models/FlightModel/FlightModel.cs
PASS: C# brace balance: Source/AERISFlightControl/AA/Models/FlightModel/GeneralDynamics.cs
PASS: C# brace balance: Source/AERISFlightControl/AA/Models/FlightModel/LinearModel.cs
PASS: C# brace balance: Source/AERISFlightControl/AA/Models/FlightModel/ModelRegression.cs
PASS: C# brace balance: Source/AERISFlightControl/AA/Models/FlightModel/RotationModel.cs
PASS: C# brace balance: Source/AERISFlightControl/AA/Models/LinearSystemModel.cs
PASS: C# brace balance: Source/AERISFlightControl/AA/Modules/AngularAccAdaptiveController.cs
PASS: C# brace balance: Source/AERISFlightControl/AA/Modules/AngularVelAdaptiveController.cs
PASS: C# brace balance: Source/AERISFlightControl/AA/Modules/AoAController.cs
PASS: C# brace balance: Source/AERISFlightControl/AA/Modules/AutopilotModule.cs
PASS: C# brace balance: Source/AERISFlightControl/AA/Modules/CruiseController.cs
PASS: C# brace balance: Source/AERISFlightControl/AA/Modules/DirectorController.cs
PASS: C# brace balance: Source/AERISFlightControl/AA/Modules/LateralDirectorController.cs
PASS: C# brace balance: Source/AERISFlightControl/AA/Modules/MouseDirector.cs
PASS: C# brace balance: Source/AERISFlightControl/AA/Modules/ProgradeThrustController.cs
PASS: C# brace balance: Source/AERISFlightControl/AA/Modules/StandardFlyByWire.cs
PASS: C# brace balance: Source/AERISFlightControl/AA/Modules/StateController.cs
PASS: C# brace balance: Source/AERISFlightControl/AA/Properties/AssemblyInfo.GUI.cs
PASS: C# brace balance: Source/AERISFlightControl/AA/Properties/AssemblyInfo.cs
PASS: C# brace balance: Source/AERISFlightControl/AA/SyncModuleControlSurface.cs
PASS: C# brace balance: Source/AERISFlightControl/AA/TopModuleManager.cs
PASS: C# brace balance: Source/AERISFlightControl/API/AERISExtensionApi.cs
PASS: C# brace balance: Source/AERISFlightControl/API/AERISExternalAutomationApi.cs
PASS: C# brace balance: Source/AERISFlightControl/API/AERISGroundAssistApi.cs
PASS: C# brace balance: Source/AERISFlightControl/API/AERISPropulsionApi.cs
PASS: C# brace balance: Source/AERISFlightControl/Autopilot/AERISAccelerationDirector.cs
PASS: C# brace balance: Source/AERISFlightControl/Autopilot/AERISAltitudeDirector.cs
PASS: C# brace balance: Source/AERISFlightControl/Autopilot/AERISAutoTakeoffDirector.cs
PASS: C# brace balance: Source/AERISFlightControl/Autopilot/AERISAxisStabilitySupervisor.cs
PASS: C# brace balance: Source/AERISFlightControl/Autopilot/AERISBankDirector.cs
PASS: C# brace balance: Source/AERISFlightControl/Autopilot/AERISHdgDirector.cs
PASS: C# brace balance: Source/AERISFlightControl/Autopilot/AERISPitchDirector.cs
PASS: C# brace balance: Source/AERISFlightControl/Autopilot/AERISSpeedAirbrakeController.cs
PASS: C# brace balance: Source/AERISFlightControl/Autopilot/AERISVelocityDirector.cs
PASS: C# brace balance: Source/AERISFlightControl/Autopilot/AERISVerticalSpeedDirector.cs
PASS: C# brace balance: Source/AERISFlightControl/Core/AERISBootstrap.cs
PASS: C# brace balance: Source/AERISFlightControl/Core/AERISExternalAutomationManager.V2.cs
PASS: C# brace balance: Source/AERISFlightControl/Core/AERISExternalAutomationManager.cs
PASS: C# brace balance: Source/AERISFlightControl/FlightPlans/AERISFlightPlanLibrary.cs
PASS: C# brace balance: Source/AERISFlightControl/FlightState/AERISFlightStateApi.cs
PASS: C# brace balance: Source/AERISFlightControl/FlightState/VirtualAttitudeInstrument.cs
PASS: C# brace balance: Source/AERISFlightControl/Integrations/AERISWindProviderApi.cs
PASS: C# brace balance: Source/AERISFlightControl/Integrations/AddonIntegration.cs
PASS: C# brace balance: Source/AERISFlightControl/Landing/AERISAdaptiveApproachPlanner.cs
PASS: C# brace balance: Source/AERISFlightControl/Landing/AERISAirfieldConfigParser.cs
PASS: C# brace balance: Source/AERISFlightControl/Landing/AERISAirfieldModels.cs
PASS: C# brace balance: Source/AERISFlightControl/Landing/AERISAirfieldProviders.cs
PASS: C# brace balance: Source/AERISFlightControl/Landing/AERISAirfieldRegistry.cs
PASS: C# brace balance: Source/AERISFlightControl/Landing/AERISApproachModels.cs
PASS: C# brace balance: Source/AERISFlightControl/Landing/AERISApproachRegistry.cs
PASS: C# brace balance: Source/AERISFlightControl/Landing/AERISLandingFoundation.cs
PASS: C# brace balance: Source/AERISFlightControl/Landing/AERISOperationalRunwayResolver.cs
PASS: C# brace balance: Source/AERISFlightControl/Landing/AERISPhysicalRunwayIdentity.cs
PASS: C# brace balance: Source/AERISFlightControl/Landing/AERISProviderIdentity.cs
PASS: C# brace balance: Source/AERISFlightControl/Landing/AERISRunwayCertificationCache.cs
PASS: C# brace balance: Source/AERISFlightControl/Landing/AERISRunwayCertificationWorker.cs
PASS: C# brace balance: Source/AERISFlightControl/Landing/AERISRunwayGeometryWorker.cs
PASS: C# brace balance: Source/AERISFlightControl/Landing/AERISRunwaySnapshotBuilder.cs
PASS: C# brace balance: Source/AERISFlightControl/Landing/AERISRunwaySurveyCatalog.cs
PASS: C# brace balance: Source/AERISFlightControl/Landing/AERISRunwaySurveyContracts.cs
PASS: C# brace balance: Source/AERISFlightControl/Landing/AERISRunwaySurveyPlanner.cs
PASS: C# brace balance: Source/AERISFlightControl/Landing/AERISRunwayTrackToken.cs
PASS: C# brace balance: Source/AERISFlightControl/Landing/AERISRunwayWitnessLibrary.cs
PASS: C# brace balance: Source/AERISFlightControl/Logging/AERISLogger.cs
PASS: C# brace balance: Source/AERISFlightControl/Performance/AERISBackgroundFileWriter.cs
PASS: C# brace balance: Source/AERISFlightControl/Performance/AERISCanonicalSnapshot.cs
PASS: C# brace balance: Source/AERISFlightControl/Performance/AERISGpuAssistBackend.cs
PASS: C# brace balance: Source/AERISFlightControl/Performance/AERISInstrumentPipeline.cs
PASS: C# brace balance: Source/AERISFlightControl/Performance/AERISNavigationDisplayPipeline.cs
PASS: C# brace balance: Source/AERISFlightControl/Performance/AERISNavigationTrafficPipeline.cs
PASS: C# brace balance: Source/AERISFlightControl/Performance/AERISPerformanceRuntime.cs
PASS: C# brace balance: Source/AERISFlightControl/Performance/AERISRuntimeGeneration.cs
PASS: C# brace balance: Source/AERISFlightControl/Performance/AERISWorkerScheduler.cs
PASS: C# brace balance: Source/AERISFlightControl/Properties/AERISBuildVersion.generated.cs
PASS: C# brace balance: Source/AERISFlightControl/Properties/AssemblyInfo.cs
PASS: C# brace balance: Source/AERISFlightControl/Protect/GroundStabilityProtection.cs
PASS: C# brace balance: Source/AERISFlightControl/Protect/ProtectTelemetry.cs
PASS: C# brace balance: Source/AERISFlightControl/Recording/AERISFlightDataArchive.cs
PASS: C# brace balance: Source/AERISFlightControl/Recording/AERISFlightDataRecorder.cs
PASS: C# brace balance: Source/AERISFlightControl/Settings/AERISNavigationDisplayProfileStore.cs
PASS: C# brace balance: Source/AERISFlightControl/Settings/AERISSettings.cs
PASS: C# brace balance: Source/AERISFlightControl/Terrain/AERISNdMapProjection.cs
PASS: C# brace balance: Source/AERISFlightControl/Terrain/AERISTerrainAwareness.cs
PASS: C# brace balance: Source/AERISFlightControl/Terrain/AERISTerrainBlockPipeline.cs
PASS: C# brace balance: Source/AERISFlightControl/Terrain/AERISTerrainCoastlinePolicy.cs
PASS: C# brace balance: Source/AERISFlightControl/Terrain/AERISTerrainGpuTileRasterizer.cs
PASS: C# brace balance: Source/AERISFlightControl/Terrain/AERISTerrainGpuTileRenderer.cs
PASS: C# brace balance: Source/AERISFlightControl/Terrain/AERISTerrainPerformance.cs
PASS: C# brace balance: Source/AERISFlightControl/Terrain/AERISTerrainPreloadBuilder.cs
PASS: C# brace balance: Source/AERISFlightControl/Terrain/AERISTerrainPreloadCodec.cs
PASS: C# brace balance: Source/AERISFlightControl/Terrain/AERISTerrainPreloadContracts.cs
PASS: C# brace balance: Source/AERISFlightControl/Terrain/AERISTerrainPreloadDatabase.cs
PASS: C# brace balance: Source/AERISFlightControl/Terrain/AERISTerrainRasterWorker.cs
PASS: C# brace balance: Source/AERISFlightControl/Terrain/AERISTerrainTileCache.cs
PASS: C# brace balance: Source/AERISFlightControl/Terrain/AERISTerrainTileContracts.cs
PASS: C# brace balance: Source/AERISFlightControl/Terrain/AERISTerrainTileSystem.cs
PASS: C# brace balance: Source/AERISFlightControl/Terrain/AERISTerrainViewportActivationPolicy.cs
PASS: C# brace balance: Source/AERISFlightControl/UI/AERISFlightInstrument.cs
PASS: C# brace balance: Source/AERISFlightControl/UI/AERISNavigationDisplay.cs
PASS: C# brace balance: Source/AERISFlightControl/UI/AERISNumericField.cs
PASS: C# brace balance: Source/AERISFlightControl/UI/AERISWindow.cs
PASS: C# brace balance: Source/AERISFlightControl/UI/ToolbarBridge.cs
PASS: observed Kola vessel position is inside the longitudinal check window
PASS: observed Kola position exceeds the generic corridor gate
PASS: anonymous second-airport offset is also detectable
PASS: anonymous centerline position passes the same generic math
[v0.18.0.0 CP2 generic runway placement verification final candidate 3] 196/196 PASS

=== selftest_v01800_cp2_generic_runway_placement_fc3_compile_hotfix1.py rc=0 duration=1.968s ===
PASS: airfield registry source exists
PASS: quarantine save detail is definitely assigned before short-circuit evaluation
PASS: stored initialization precedes witness-library short-circuit
PASS: quarantine persistence still returns its detail through stored
PASS: uninitialized stored declaration cannot regress
PASS: save-failure fallback still safely consumes stored
PASS: existing fail-closed fallback message remains intact
PASS: placement mismatch persistence and resurvey request remain intact
PASS: compile hotfix introduces no airport-specific production branch
[v0.18.0.0 CP2 Generic Runway Placement FC3 Compile Hotfix 1] 9/9 PASS

=== selftest_v01800_cp2_calibration_roundtrip_hotfix1.py rc=0 duration=0.926s ===
PASS: runway witness library source exists
PASS: calibration load retains the raw ConfigNode file root
PASS: calibration load resolves all ConfigNode round-trip shapes
PASS: load no longer rejects generic direct-value roots
PASS: temporary file is fully read back through the shared validator
PASS: committed file is read back after the atomic move
PASS: failed committed readback restores the previous calibration file
PASS: successful persistence emits committed readback evidence
PASS: calibration save failures are written to the runtime log
PASS: validator requires exact calibration record count
PASS: validator checks the reciprocal direction pair declaration
PASS: validator checks both persisted direction headings
PASS: invalid two-direction records fail closed
PASS: resolver owns the calibration root identity
PASS: resolver accepts a named loaded root
PASS: resolver accepts a named child under a generic file root
PASS: resolver accepts direct values on a generic file root
PASS: generic roots without calibration schema fail closed
PASS: build identity names calibration round-trip hotfix 1
PASS: persistence hotfix introduces no airport-specific branch
PASS: package still excludes user-owned runway calibration data
[v0.18.0.0 CP2 calibration round-trip hotfix 1] 21/21 PASS

=== selftest_v01800_cp2_bidirectional_runway_pair_hotfix1.py rc=0 duration=1.010s ===
PASS: calibration schema 3 records reciprocal direction pairs
PASS: calibration persistence carries reciprocalDirectionPair
PASS: calibration persistence carries directionAHeadingDeg
PASS: calibration persistence carries directionBHeadingDeg
PASS: user witness derives the reciprocal course from the two endpoints
PASS: two valid endpoints are modeled as one physical runway pair
PASS: completion status reports both reciprocal runway numbers
PASS: second endpoint explicitly schedules both runway directions
PASS: calibration summary exposes the reciprocal localizer pair
PASS: user two-endpoint calibration enables both direction candidates
PASS: user-calibrated certification basis records pair generation
PASS: one physical runway creates both A-to-B and B-to-A directions
PASS: direction A uses threshold A toward threshold B
PASS: direction B swaps the two thresholds
PASS: user-calibrated pair is checked before entering the runway database
PASS: runtime log proves pair creation and independent approach validation
PASS: pair validation enforces reciprocal headings
PASS: pair validation enforces exact endpoint reversal
PASS: pair directions must retain distinct stable IDs
PASS: both reciprocal directions receive independent approach validation
PASS: synthetic heading 0.0 has a reciprocal direction
PASS: synthetic heading 3.2 has a reciprocal direction
PASS: synthetic heading 89.9 has a reciprocal direction
PASS: synthetic heading 163.7 has a reciprocal direction
PASS: synthetic heading 271.4 has a reciprocal direction
PASS: synthetic heading 359.9 has a reciprocal direction
PASS: bidirectional generation has no airport-specific branch
PASS: build identity names bidirectional runway pair hotfix 1
PASS: package contains no user-specific endpoint pair
[v0.18.0.0 CP2 bidirectional runway pair hotfix 1] 29/29 PASS

=== selftest_v01800_cp2_nd_publish_airfields_ui_hotfix1.py rc=0 duration=1.869s ===
PASS: ND capture creates an immutable navigation snapshot
PASS: ND snapshot carries the current runtime generation
PASS: ND snapshot carries database and selection revisions
PASS: captured runways and facilities are included in the snapshot
PASS: ND snapshot is submitted to the shared preprocessing pipeline
PASS: performance runtime exposes the expected worker submission path
PASS: capture revision is committed only after the submit attempt
PASS: successful submission gates capture revision commit
PASS: source documents the stale-frame disappearance failure boundary
PASS: accepted captures use normal cadence while rejected captures retry quickly
PASS: airfields UI has an explicit one-time layout migration revision
PASS: AirfieldsCertifiedExpanded has a closed default declaration
PASS: AirfieldsUserCalibratedExpanded has a closed default declaration
PASS: AirfieldsFailedExpanded has a closed default declaration
PASS: AirfieldsPendingExpanded has a closed default declaration
PASS: AirfieldsRevalidationExpanded has a closed default declaration
PASS: AirfieldsProvisionalExpanded has a closed default declaration
PASS: old settings files enter the one-time collapse migration
PASS: migration/reset closes AirfieldsCertifiedExpanded
PASS: migration/reset closes AirfieldsUserCalibratedExpanded
PASS: migration/reset closes AirfieldsFailedExpanded
PASS: migration/reset closes AirfieldsPendingExpanded
PASS: migration/reset closes AirfieldsRevalidationExpanded
PASS: migration/reset closes AirfieldsProvisionalExpanded
PASS: airfields UI migration revision is persisted
PASS: existing installs persist the collapsed migration immediately
PASS: shipped default config identifies the collapsed airfields layout
PASS: shipped default config closes airfieldsCertifiedExpanded
PASS: shipped default config closes airfieldsUserCalibratedExpanded
PASS: shipped default config closes airfieldsFailedExpanded
PASS: shipped default config closes airfieldsPendingExpanded
PASS: shipped default config closes airfieldsRevalidationExpanded
PASS: shipped default config closes airfieldsProvisionalExpanded
PASS: compact UI headings replace the unbounded full build identity
PASS: full hotfix history is no longer rendered into the compact window
PASS: compact heading retains semantic version and checkpoint identity
PASS: airfield status, rows, details and calibration action can wrap
PASS: airfield row separates identity from grouped runway geometry/status on two lines
PASS: wrapped airfield rows and calibration action retain explicit height allocation
PASS: long summary and calibration messages use wrapped layout
PASS: airfield list explicitly disables horizontal scrolling
PASS: ND and UI fixes remain airport-agnostic
PASS: build identity names the ND publish and airfields UI hotfix
PASS: full CP2 acceptance includes this regression test
PASS: current hotfix evidence exists: Docs/CP2_ND_NAVIGATION_SNAPSHOT_PUBLISH_AIRFIELDS_UI_COLLAPSE_HOTFIX_1_v0.18.0.0_ja.md
PASS: current hotfix evidence exists: Docs/ND_CP2_ND_NAVIGATION_SNAPSHOT_PUBLISH_AIRFIELDS_UI_COLLAPSE_HOTFIX_1_TEST_CARD_v0.18.0.0_ja.md
PASS: current hotfix evidence exists: Evidence/RUNTIME_DIAGNOSIS_AERISFlightControl20_ND_DISAPPEAR_AIRFIELDS_UI.txt
PASS: current hotfix evidence exists: Evidence/SOURCE_DIFF_AUDIT_v0.18.0.0_CP2_ND_PUBLISH_AIRFIELDS_UI_COLLAPSE_HOTFIX1.txt
[v0.18.0.0 CP2 ND publish and airfields UI collapse hotfix 1] 48/48 PASS

=== selftest_v01800_cp2_responsive_airfields_ui_resize_hotfix1.py rc=0 duration=2.000s ===
PASS: resize grip and footer have a practical pointer target
PASS: window maximum dimensions are clamped to the current screen
PASS: resize starts from a fixed screen-space pointer anchor
PASS: resize delta is derived from the fixed pointer anchor
PASS: moving grip no longer accumulates unstable window-local deltas
PASS: narrow windows use a compact footer hint
PASS: shared wrapped-control height calculation exists
PASS: control height is measured by the active Unity GUI style
PASS: responsive styles are not locked to one-line fixed heights
PASS: tabs, runway rows, and action buttons all permit wrapping
PASS: each runway row derives height from its actual text and width
PASS: CHECK HERE action derives height from its actual text and width
PASS: category buttons derive height from their labels
PASS: MASTER button can grow for a long standby reason
PASS: virtual-attitude button can grow vertically
PASS: airfield rows and CHECK HERE no longer use clipping-prone fixed heights
PASS: main and SYSTEM tabs share responsive wrapped layout
PASS: SYSTEM tabs fall back to two columns on narrow windows
PASS: airfield heading and reload action stack vertically when narrow
PASS: airfield list viewport reserves extra wrapped-header space when narrow
PASS: outer content viewport reserves responsive tab and master height
PASS: failure identifiers are converted to spaced human-readable text
PASS: PascalCase failure names receive word boundaries
PASS: layout and resize repair remains airport-agnostic
PASS: build identity names the responsive layout and resize hotfix
PASS: full CP2 acceptance includes this regression test
PASS: current hotfix evidence exists: Docs/CP2_RESPONSIVE_AIRFIELDS_UI_LAYOUT_RESIZE_HOTFIX_1_v0.18.0.0_ja.md
PASS: current hotfix evidence exists: Docs/ND_CP2_RESPONSIVE_AIRFIELDS_UI_LAYOUT_RESIZE_HOTFIX_1_TEST_CARD_v0.18.0.0_ja.md
PASS: current hotfix evidence exists: Evidence/RUNTIME_DIAGNOSIS_AERISFlightControl21_AIRFIELDS_UI_RESIZE_OVERLAP.txt
PASS: current hotfix evidence exists: Evidence/SOURCE_DIFF_AUDIT_v0.18.0.0_CP2_RESPONSIVE_AIRFIELDS_UI_LAYOUT_RESIZE_HOTFIX1.txt
[v0.18.0.0 CP2 responsive airfields UI and resize hotfix 1] 30/30 PASS

=== selftest_v01800_cp2_manual_calibrated_runway_separation_preservation_hotfix1.py rc=0 duration=2.145s ===
PASS: user-calibrated verification guard executes before automatic quarantine
PASS: registry reports a protected manual calibration instead of reloading it away
PASS: replacement of a complete manual calibration requires an explicit clear
PASS: witness storage protects a usable pair before endpoint-clearing quarantine code
PASS: storage layer independently refuses automatic deletion of manual endpoints
PASS: only a complete existing A/B pair receives the preservation lock
PASS: automatic/provider certification has its own list category
PASS: manual A/B runway pairs have a separate list category
PASS: certified rows are partitioned by certification basis
PASS: manual rows carry an unambiguous status label
PASS: detail text explains the operational status without calling it automatic certification
PASS: manual entries do not expose the destructive generic placement button
PASS: manual replacement workflow is explicit in the UI
PASS: airfields layout migration revision advances for the new category
PASS: manual category has an independent persisted expansion state
PASS: existing settings default the manual category closed
PASS: migration and reset close the manual category
PASS: manual category expansion state is saved
PASS: shipped defaults keep the manual category collapsed
PASS: preservation and category separation remain airport-agnostic
PASS: build identity names this hotfix
PASS: full CP2 acceptance includes this regression test
PASS: current hotfix evidence exists: Docs/CP2_MANUAL_CALIBRATED_RUNWAY_SEPARATION_PRESERVATION_HOTFIX_1_v0.18.0.0_ja.md
PASS: current hotfix evidence exists: Docs/ND_CP2_MANUAL_CALIBRATED_RUNWAY_SEPARATION_PRESERVATION_HOTFIX_1_TEST_CARD_v0.18.0.0_ja.md
PASS: current hotfix evidence exists: Evidence/RUNTIME_DIAGNOSIS_AERISFlightControl22_MANUAL_CALIBRATION_DISAPPEARANCE.txt
PASS: current hotfix evidence exists: Evidence/SOURCE_DIFF_AUDIT_v0.18.0.0_CP2_MANUAL_CALIBRATED_RUNWAY_SEPARATION_PRESERVATION_HOTFIX1.txt
[v0.18.0.0 CP2 manual calibrated runway separation preservation hotfix 1] 26/26 PASS

=== selftest_v01800_cp2_manual_calibration_reflection_hotfix1.py rc=0 duration=2.202s ===
PASS: registry exposes an authoritative completed manual-pair predicate
PASS: authoritative state requires two certified user-calibrated directions
PASS: automatic/provider directions can be classified as superseded
PASS: only non-manual directions are superseded by a completed pair
PASS: certification approach totals exclude superseded provider directions
PASS: airfield state evaluation excludes superseded provider directions
PASS: selectable direction enumeration detects authoritative manual pairs
PASS: selection exposes only manual directions once a pair is authoritative
PASS: validation status denominator excludes superseded automatic entries
PASS: manual category is presented before automatic/provider certification
PASS: AIRFIELDS rows suppress provider failures replaced by manual calibration
PASS: successful two-point completion opens the manual category immediately
PASS: completion closes stale failure lists and returns the user to the reflected pair
PASS: automatic category focus changes only after a usable pair is stored
PASS: witness reload refreshes calibration status from persisted records
PASS: complete calibration status reports the committed reciprocal pair
PASS: UI can query committed calibration immediately after MARK A/B
PASS: ND capture resolves an explicit operational direction pair
PASS: ND ignores failed finite geometry when selecting endpoints
PASS: ND publishes only manual geometry when a user pair is authoritative
PASS: ND chooses the closest reciprocal second direction
PASS: resolved pair is published as certified and never provisional
PASS: reflection fix remains generic and contains no airport-specific branch
PASS: build identity names the reflection hotfix
PASS: full CP2 acceptance includes this regression test
PASS: current hotfix evidence exists: Docs/CP2_MANUAL_CALIBRATION_REFLECTION_HOTFIX_1_v0.18.0.0_ja.md
PASS: current hotfix evidence exists: Docs/ND_CP2_MANUAL_CALIBRATION_REFLECTION_HOTFIX_1_TEST_CARD_v0.18.0.0_ja.md
PASS: current hotfix evidence exists: Evidence/RUNTIME_DIAGNOSIS_AERISFlightControl23_MANUAL_PAIR_NOT_REFLECTED.txt
PASS: current hotfix evidence exists: Evidence/SOURCE_DIFF_AUDIT_v0.18.0.0_CP2_MANUAL_CALIBRATION_REFLECTION_HOTFIX1.txt
[v0.18.0.0 CP2 manual calibration reflection hotfix 1] 29/29 PASS

=== selftest_v01800_cp2_manual_runway_designation_grouping_hotfix1.py rc=0 duration=1.011s ===
PASS: manual designation normalization runs before staged database validation
PASS: registry owns a dedicated manual designation normalization pass
PASS: automatic/provider labels are not rewritten by the manual pass
PASS: each manual direction display name is regenerated from measured heading
PASS: the physical runway receives one reciprocal pair designation
PASS: reciprocal numbers have deterministic display order
PASS: presentation refresh explicitly preserves selection/cache identities
PASS: runtime log exposes a successful designation refresh
PASS: AIRFIELDS first groups matching directions by physical runway
PASS: expanded row identity is physical-runway based instead of direction based
PASS: row shows the airfield once and reciprocal designation on the next line
PASS: reciprocal directions are rendered together as RWY NN / RWY NN
PASS: one grouped row can still expose independent details for both approach directions
PASS: category totals count physical runway rows rather than reciprocal directions
PASS: manual and automatic categories remain separated after grouping
PASS: grouped manual row keeps an explicit manual status
PASS: completed registration focuses the grouped manual category
PASS: captured manual endpoints resolve deterministically to RWY 02 / RWY 20
PASS: designation refresh and grouping remain airport-agnostic
PASS: build identity names the designation/grouping hotfix
PASS: full CP2 acceptance includes this regression test
PASS: current hotfix evidence exists: Docs/CP2_MANUAL_RUNWAY_DESIGNATION_GROUPING_HOTFIX_1_v0.18.0.0_ja.md
PASS: current hotfix evidence exists: Docs/ND_CP2_MANUAL_RUNWAY_DESIGNATION_GROUPING_HOTFIX_1_TEST_CARD_v0.18.0.0_ja.md
PASS: current hotfix evidence exists: Evidence/REQUIREMENT_MANUAL_RUNWAY_DESIGNATION_GROUPING_2026-07-26.txt
PASS: current hotfix evidence exists: Evidence/SOURCE_DIFF_AUDIT_v0.18.0.0_CP2_MANUAL_RUNWAY_DESIGNATION_GROUPING_HOTFIX1.txt
[v0.18.0.0 CP2 manual runway designation grouping hotfix 1] 25/25 PASS

=== selftest_v01800_cp2_manual_runway_absolute_geodetic_endpoint_authority_hotfix1.py rc=0 duration=2.003s ===
PASS: MARK A/B capture vessel body-fixed latitude and longitude
PASS: saved manual calibration declares its body-fixed absolute coordinate frame
PASS: runtime calibration log exposes coordinate authority
PASS: manual witness projection no longer passes through Unity world coordinates
PASS: manual witness projection no longer depends on provider local handedness
PASS: snapshot builder uses spherical body-fixed inverse projection
PASS: geodetic projection safely handles signed/dateline longitude deltas
PASS: east/north components come from geodesic bearing rather than Unity cross products
PASS: endpoint altitude is retained relative to the survey reference without remapping
PASS: user endpoint axis explicitly forbids mesh/launch-anchor realignment
PASS: absolute placement detail names the final endpoint authority
PASS: worker result records the selected coordinate authority
PASS: existing safety boundary keeps physical scan data advisory for user placement
PASS: Kola A/B geodesic projection preserves the recorded 195.85 degree axis
PASS: east-sign mirror reproduces the erroneous 163-164 degree runtime axis
PASS: the observed displacement is a coordinate-frame reflection, not rounding noise
PASS: absolute endpoint authority remains airport-agnostic
PASS: build identity names this hotfix
PASS: full CP2 acceptance includes this regression
PASS: current hotfix evidence exists: Docs/CP2_MANUAL_RUNWAY_ABSOLUTE_GEODETIC_ENDPOINT_AUTHORITY_HOTFIX_1_v0.18.0.0_ja.md
PASS: current hotfix evidence exists: Docs/ND_CP2_MANUAL_RUNWAY_ABSOLUTE_GEODETIC_ENDPOINT_AUTHORITY_HOTFIX_1_TEST_CARD_v0.18.0.0_ja.md
PASS: current hotfix evidence exists: Evidence/RUNTIME_DIAGNOSIS_AERISFlightControl24_MANUAL_AB_EAST_WEST_REFLECTION.txt
PASS: current hotfix evidence exists: Evidence/SOURCE_DIFF_AUDIT_v0.18.0.0_CP2_MANUAL_RUNWAY_ABSOLUTE_GEODETIC_ENDPOINT_AUTHORITY_HOTFIX1.txt
[v0.18.0.0 CP2 manual runway absolute geodetic endpoint authority hotfix 1] 23/23 PASS

=== selftest_v01800_cp2_absolute_geodetic_build_entrypoint_hotfix1.py rc=0 duration=2.063s ===
PASS: build entrypoint declares one generated display identity
PASS: generated C# build identity is readable
PASS: build entrypoint ends in the current absolute-geodetic hotfix identity
PASS: generated C# identity ends in the current build-entrypoint hotfix
PASS: build entrypoint and generated C# identity are byte-identical after semver substitution
PASS: stale grouping-only build identity cannot overwrite the current generated identity
PASS: AVC metadata names the current build-entrypoint hotfix
PASS: README names the current checkpoint
PASS: current identity is regenerated before build-time acceptance
PASS: native xbuild remains gated by the current acceptance run
PASS: full CP2 acceptance includes the build-entrypoint regression
PASS: absolute-geodetic runtime fix remains identified
PASS: current hotfix evidence exists: Docs/CP2_MANUAL_RUNWAY_ABSOLUTE_GEODETIC_ENDPOINT_AUTHORITY_BUILD_ENTRYPOINT_HOTFIX_1_v0.18.0.0_ja.md
PASS: current hotfix evidence exists: Docs/ND_CP2_MANUAL_RUNWAY_ABSOLUTE_GEODETIC_ENDPOINT_AUTHORITY_BUILD_ENTRYPOINT_HOTFIX_1_TEST_CARD_v0.18.0.0_ja.md
PASS: current hotfix evidence exists: Evidence/NATIVE_BUILD_ENTRYPOINT_FAILURE_DIAGNOSIS_ABSOLUTE_GEODETIC_HOTFIX1.txt
PASS: current hotfix evidence exists: Evidence/SOURCE_DIFF_AUDIT_v0.18.0.0_CP2_ABSOLUTE_GEODETIC_BUILD_ENTRYPOINT_HOTFIX1.txt
[v0.18.0.0 CP2 absolute geodetic build entrypoint hotfix 1] 16/16 PASS

=== selftest_v01800_cp2_mod_airfield_recovery_autopreload1.py rc=0 duration=1.833s ===
PASS: targeted MOD-airfield cache recovery revision exists
PASS: KK/SLE failed cache entries are forced through the recovered survey path
PASS: independent pavement axis cannot be overwritten by a metadata primitive
PASS: slope gate has a dedicated landing-surface evidence filter
PASS: flatness filter handles semantic: Runway
PASS: flatness filter handles semantic: Pavement
PASS: flatness filter handles semantic: Centerline
PASS: flatness filter handles semantic: Taxiway
PASS: flatness filter handles semantic: Apron
PASS: flatness filter handles semantic: Platform
PASS: flatness filter handles semantic: Obstacle
PASS: flatness filter handles semantic: NaturalSurface
PASS: flatness filter handles semantic: ApproachLight
PASS: flatness filter handles semantic: EdgeLight
PASS: decorative geometry cannot manufacture a false slope failure
PASS: direct one-degree physical-axis agreement remains accepted
PASS: bounded mismatches are re-registered to the measured runway surface
PASS: axis correction preserves physical, usable and operational along distances
PASS: large or ambiguous angle corrections remain fail-closed
PASS: launch anchor remains an independent broad axis sanity gate
PASS: preload plan state exists: AutomaticComplete
PASS: preload plan state exists: CompletedQualityLimit
PASS: preload plan state exists: CompletedEnvironmentHash
PASS: preload plan state exists: QualityOverride
PASS: preload plan state exists: AutomaticPointRefinementOnly
PASS: completed current-body plan is skipped instead of monopolising selection
PASS: a full cyclic DB scan records automatic completion
PASS: automatic progression runs when broad targets are complete
PASS: high-priority registered sites advance from Far coverage to Land detail
PASS: automatic site refinement does not silently trigger a global Route build
PASS: only bodies with useful registered/current sites receive automatic Land refinement
PASS: preload state V2 is written while V1 remains readable
PASS: manual quality choice overrides automatic promotion
PASS: all solid-body completion markers are invalidated by environment changes
PASS: field logs expose automatic body progression and completion
PASS: completed Kerbin yields automatic generation to another planet
PASS: breadth-first planet coverage is followed by bounded Kerbin site refinement
PASS: state prefix remains readable for version 1
PASS: state prefix remains readable for version 2
PASS: native build identity exposes both fixes
PASS: AVC metadata exposes both fixes
PASS: README identifies the current package
PASS: recovery and preload progression remain flight-control free
PASS: recovery and preload progression cannot command throttle
PASS: current recovery document exists: Docs/CP2_MOD_AIRFIELD_RECOVERY_AUTOPRELOAD_PROGRESSION_1_v0.18.0.0_ja.md
PASS: current recovery document exists: Docs/ND_CP2_MOD_AIRFIELD_RECOVERY_AUTOPRELOAD_PROGRESSION_1_TEST_CARD_v0.18.0.0_ja.md
PASS: current recovery document exists: Docs/HANDOVER_AERIS14_v0.18.0.0_CP2_MOD_AIRFIELD_RECOVERY_AUTOPRELOAD1_ja.md
PASS: current recovery document exists: Evidence/SOURCE_DIFF_AUDIT_v0.18.0.0_CP2_MOD_AIRFIELD_RECOVERY_AUTOPRELOAD1.txt
[v0.18.0.0 CP2 mod airfield recovery + auto preload progression 1] 48/48 PASS

=== selftest_v01800_cp2_mod_airfield_recovery_autopreload_compile_hotfix1.py rc=0 duration=1.164s ===
PASS: preload builder imports the project logging namespace
PASS: both automatic-progression events use AERISLogger.Info
PASS: undefined legacy AERISLog identifier is absent
PASS: compile fix preserves both auto-progression telemetry events
PASS: native build identity exposes compile hotfix 1
PASS: compile hotfix document exists: Docs/CP2_MOD_AIRFIELD_RECOVERY_AUTOPRELOAD_COMPILE_HOTFIX_1_v0.18.0.0_ja.md
PASS: compile hotfix document exists: Docs/ND_CP2_MOD_AIRFIELD_RECOVERY_AUTOPRELOAD_COMPILE_HOTFIX_1_TEST_CARD_v0.18.0.0_ja.md
PASS: compile hotfix document exists: Docs/HANDOVER_AERIS14_v0.18.0.0_CP2_MOD_AIRFIELD_RECOVERY_AUTOPRELOAD_COMPILE_HOTFIX1_ja.md
PASS: compile hotfix document exists: Evidence/SOURCE_DIFF_AUDIT_v0.18.0.0_CP2_MOD_AIRFIELD_RECOVERY_AUTOPRELOAD_COMPILE_HOTFIX1.txt
[v0.18.0.0 CP2 mod-airfield recovery / auto-preload compile hotfix 1] 9/9 PASS

=== selftest_v01800_cp1_nd_core.py rc=0 duration=1.351s ===
PASS: ND exposes exactly the certified six fixed ranges
PASS: automatic range is disabled for the CP1 fixed-range baseline
PASS: legacy/manual values normalize to the nearest certified range
PASS: factory CFG uses fixed-range mode
PASS: ND worker pipeline is compiled
PASS: shared ND pipeline contract: AERISNavigationDisplaySnapshot
PASS: shared ND pipeline contract: AERISPreparedNavigationFrame
PASS: shared ND pipeline contract: AERISPreparedNavigationFrameApi
PASS: shared ND pipeline contract: JobKey = "navigation-display-preprocess"
PASS: shared ND pipeline contract: AERISRuntimeLane.GeneralCompute
PASS: shared ND pipeline contract: SubmitLatest
PASS: shared ND pipeline contract: context.ThrowIfStale()
PASS: ND worker boundary excludes FlightGlobals
PASS: ND worker boundary excludes FlightCtrlState
PASS: ND worker boundary excludes Vessel
PASS: ND worker boundary excludes CelestialBody
PASS: ND worker boundary excludes UnityEngine
PASS: ND worker boundary excludes Texture2D
PASS: ND worker boundary excludes GameObject
PASS: ND worker boundary excludes Task.Run
PASS: ND worker boundary excludes new Thread
PASS: ND preprocessing cannot consume the Safety/LAND lane
PASS: Performance Runtime owns ND pipeline: readonly AERISNavigationDisplayPipeline navigationDisplay
PASS: Performance Runtime owns ND pipeline: SubmitNavigationDisplay
PASS: Performance Runtime owns ND pipeline: AERISPreparedNavigationFrameApi.Clear()
PASS: Performance Runtime owns ND pipeline: navigationDisplay.Dispose()
PASS: scheduler publishes ND metric: NavigationDisplayWorkerP95Ms
PASS: scheduler publishes ND metric: NavigationDisplayResultAgeMs
PASS: scheduler publishes ND metric: navigationDisplaySamples
PASS: scheduler publishes ND metric: lastNavigationDisplayCommitTicks
PASS: performance CSV includes nd_layout_ema_ms
PASS: performance CSV includes nd_repaint_ema_ms
PASS: performance CSV includes nd_capture_ema_ms
PASS: performance CSV includes nd_texture_upload_ema_ms
PASS: performance CSV includes nd_gc_positive_delta_ema_bytes
PASS: performance CSV includes nd_facilities
PASS: performance CSV includes nd_runways
PASS: performance CSV includes nd_plan
PASS: performance CSV includes nd_range_m
PASS: performance telemetry header/data column count
PASS: performance telemetry header names are unique
PASS: Layout/Repaint split metric: RecordNdLayoutCost
PASS: Layout/Repaint split metric: RecordNdRepaintCost
PASS: Layout/Repaint split metric: NdLayoutEmaMs
PASS: Layout/Repaint split metric: NdRepaintEmaMs
PASS: Layout/Repaint split metric: UpdateNdAggregate
PASS: ND reports Layout/Repaint event cost to Performance Runtime
PASS: ND main-thread capture cost is measured
PASS: ND texture upload cost is measured
PASS: ND timing/GC probes run only on Layout and Repaint events
PASS: stale prepared frames are rejected after database or selection changes
PASS: PLAN interaction contract: planMode
PASS: PLAN interaction contract: mapDragging
PASS: PLAN interaction contract: EnterPlanAt
PASS: PLAN interaction contract: RecenterPlan
PASS: PLAN interaction contract: orientationBeforePlanTrackUp
PASS: PLAN interaction contract: N/PLAN
PASS: PLAN interaction contract: RECENTER
PASS: PLAN interaction contract: DRAG MAP  PLAN
PASS: PLAN forces NORTH UP without mutating the saved orientation
PASS: RECENTER restores the pre-PLAN orientation
PASS: NORTH UP centers ownship while TRACK UP uses the lower anchor
PASS: PLAN drag uses the exact inverse horizontal/vertical map scale
PASS: runway display contract: DrawPreparedRunway
PASS: runway display contract: DirectionAName
PASS: runway display contract: DirectionBName
PASS: runway display contract: DrawSelectedRunwayEdgePointer
PASS: runway display contract: RunwayName
PASS: runway display contract: AirfieldName
PASS: runway display contract: widthPixels
PASS: runway display contract: DirectionASelectableIndex
PASS: runway display contract: DirectionBSelectableIndex
PASS: all prepared runways are rendered without a runway-count cap
PASS: LAND suppresses unrelated facilities but retains the runway layer
PASS: registered runway layer and selected LAND overlay coexist
PASS: explicit runway preview/confirmation contract: PreviewRunwayAt
PASS: explicit runway preview/confirmation contract: previewRunwayStableId
PASS: explicit runway preview/confirmation contract: "SELECT"
PASS: explicit runway preview/confirmation contract: "CENTER"
PASS: explicit runway preview/confirmation contract: "ARM"
PASS: direct map click only previews and never changes registry selection
PASS: SELECT explicitly confirms airfield and direction
PASS: LAND observation ARM is exposed only after explicit selection
PASS: pipeline remains control/NAV free: FlightCtrlState
PASS: pipeline remains control/NAV free: MainThrottle
PASS: pipeline remains control/NAV free: wheelThrottle
PASS: pipeline remains control/NAV free: wheelSteer
PASS: pipeline remains control/NAV free: AERISNavDirector
PASS: pipeline remains control/NAV free: TryStartNavLanding
PASS: pipeline remains control/NAV free: NAV_LANDING
PASS: SYSTEM options explain CP1 behavior: ND ranges are fixed at 5 / 10 / 20 / 40 / 80 / 160 km
PASS: SYSTEM options explain CP1 behavior: ND main EMA: layout
[v0.18.0.0 CP1 ND core, PLAN and runway-display verification] 92/92 PASS

=== selftest_v01800_cp2_terrain_tiles.py rc=0 duration=1.354s ===
PASS: five-level LOD contract: Global = 0
PASS: five-level LOD contract: Far = 1
PASS: five-level LOD contract: Route = 2
PASS: five-level LOD contract: Local = 3
PASS: five-level LOD contract: Land = 4
PASS: terrain display mode contract: Automatic = 0
PASS: terrain display mode contract: Topographic = 1
PASS: terrain display mode contract: Relative = 2
PASS: terrain display mode contract: Off = 3
PASS: colour-accessibility preset: Standard = 0
PASS: colour-accessibility preset: RedGreenAssist = 1
PASS: colour-accessibility preset: BlueYellowAssist = 2
PASS: colour-accessibility preset: HighContrast = 3
PASS: celestial-fixed tile identity/format: Version = 2
PASS: celestial-fixed tile identity/format: DefaultResolution = 33
PASS: celestial-fixed tile identity/format: GlobalResolution = 17
PASS: celestial-fixed tile identity/format: AERIS_TERRAIN_TILE_V2
PASS: celestial-fixed tile identity/format: BodyRadiusMillimetres
PASS: celestial-fixed tile identity/format: EnvironmentHash
PASS: celestial-fixed tile identity/format: LatitudeIndex
PASS: celestial-fixed tile identity/format: LongitudeIndex
PASS: celestial-fixed tile identity/format: StableId
PASS: celestial-fixed tile identity/format: FileStem
PASS: celestial-fixed tile identity/format: internal bool Visible
PASS: LOD physical coverage grows monotonically
PASS: LAND tile nominal width
PASS: LOCAL tile nominal width
PASS: GLOBAL tile nominal width
PASS: angular spans bounded for body radius 200000
PASS: angular spans ordered for body radius 200000
PASS: angular spans bounded for body radius 600000
PASS: angular spans ordered for body radius 600000
PASS: angular spans bounded for body radius 6000000
PASS: angular spans ordered for body radius 6000000
PASS: CP2 source is compiled: Terrain\AERISTerrainTileContracts.cs
PASS: CP2 source is compiled: Terrain\AERISTerrainTileCache.cs
PASS: CP2 source is compiled: Terrain\AERISTerrainTileSystem.cs
PASS: CP2 source is compiled: Terrain\AERISTerrainGpuTileRasterizer.cs
PASS: CP2 source is compiled: Terrain\AERISTerrainGpuTileRenderer.cs
PASS: bounded verified cache contract: AERISTerrainRamTileCache
PASS: bounded verified cache contract: LinkedList<string>
PASS: bounded verified cache contract: TrimLocked
PASS: bounded verified cache contract: SetLimit
PASS: bounded verified cache contract: AERISTerrainDiskTileCache
PASS: bounded verified cache contract: LoadIndexOnly
PASS: bounded verified cache contract: AERIS_TERRAIN_INDEX_V2
PASS: bounded verified cache contract: DeflateStream
PASS: bounded verified cache contract: CompressionLevel.Fastest
PASS: bounded verified cache contract: EquivalentPayload
PASS: bounded verified cache contract: full round-trip mismatch
PASS: bounded verified cache contract: AtomicMove
PASS: bounded verified cache contract: File.Move(source, destination)
PASS: bounded verified cache contract: File.Move(backup, destination)
PASS: bounded verified cache contract: PruneLocked
PASS: bounded verified cache contract: SaveIndexLocked
PASS: bounded verified cache contract: actualBytes = new FileInfo(full).Length
PASS: bounded verified cache contract: SaveIndexLocked();
PASS: startup reads only the terrain index and never scans the tile directory
PASS: startup index-only path is explicit
PASS: tile planner/producer contract: AERISRuntimeLane.GeneralCompute
PASS: tile planner/producer contract: SubmitLatest
PASS: tile planner/producer contract: terrain-preload-read:
PASS: tile planner/producer contract: terrain-preload-write:
PASS: tile planner/producer contract: MaximumConcurrentTileIo
PASS: tile planner/producer contract: RecoverAbandonedIo
PASS: tile planner/producer contract: timeoutSeconds = 45f
PASS: tile planner/producer contract: MaximumTileSamplesPerFrame
PASS: tile planner/producer contract: TilePqsQueriesPerSecond
PASS: tile planner/producer contract: TrySampleTerrainAslShared
PASS: tile planner/producer contract: AERISTerrainTileLod.Global
PASS: tile planner/producer contract: PRELOAD TERRAIN TILE READY
PASS: tile planner/producer contract: AERISTerrainTileLod.Land
PASS: tile planner/producer contract: 30.0, 120.0, 420.0
PASS: tile planner/producer contract: CurrentVesselGeneration
PASS: tile planner/producer contract: BodyGeneration
PASS: tile planner/producer contract: TerrainGeneration
PASS: tile planner/producer contract: ViewGeneration
PASS: tile planner/producer contract: StaleCancelled
PASS: tile planner/producer contract: UpdateDisplayView
PASS: tile planner/producer contract: displayViewRangeMeters
PASS: tile planner/producer contract: accepted.Visible
PASS: tile planner/producer contract: diskWritePending
PASS: tile planner/producer contract: RetryPendingDiskWrites
PASS: tile planner/producer contract: samePayload
PASS: tile planner/producer contract: diskWriteAttempts
PASS: tile planner/producer contract: diskWriteReadyScratch.Sort(StringComparer.Ordinal)
PASS: CP2 creates no terrain-owned asynchronous runtime: new Thread
PASS: CP2 creates no terrain-owned asynchronous runtime: ThreadPool
PASS: CP2 creates no terrain-owned asynchronous runtime: Task.Run
PASS: CP2 creates no terrain-owned asynchronous runtime: Task<
PASS: CP2 creates no terrain-owned asynchronous runtime: async 
PASS: CP2 creates no terrain-owned asynchronous runtime: await 
PASS: terrain tile and palette work cannot consume Safety/LAND lane
PASS: environment fingerprint excludes unstable filesystem timestamps
PASS: environment identity includes configuration content hash
PASS: terrain mesh worker excludes Unity/KSP object: UnityEngine
PASS: terrain mesh worker excludes Unity/KSP object: FlightGlobals
PASS: terrain mesh worker excludes Unity/KSP object: FlightCtrlState
PASS: terrain mesh worker excludes Unity/KSP object: Vessel
PASS: terrain mesh worker excludes Unity/KSP object: CelestialBody
PASS: terrain mesh worker excludes Unity/KSP object: Texture2D
PASS: terrain mesh worker excludes Unity/KSP object: GameObject
PASS: terrain mesh worker excludes Unity/KSP object: KSPUtil
PASS: bounded GPU mesh worker contract: Queue<AERISTerrainGpuTileRasterResult>
PASS: bounded GPU mesh worker contract: completed.Count >= 64
PASS: bounded GPU mesh worker contract: CloneImmutable
PASS: bounded GPU mesh worker contract: terrain-gpu-mesh:
PASS: bounded GPU mesh worker contract: context.ThrowIfStale()
PASS: bounded GPU mesh worker contract: BuildContours
PASS: bounded GPU mesh worker contract: BuildCoastlines
PASS: bounded GPU mesh worker contract: AddWaterCrossing
PASS: bounded GPU mesh worker contract: ResolveShade
PASS: bounded GPU mesh worker contract: ElevationMeters
PASS: bounded GPU mesh worker contract: ContourSegments
PASS: bounded GPU mesh worker contract: CoastlineSegments
PASS: bounded GPU mesh worker contract: MeshMilliseconds
PASS: bounded GPU mesh worker contract: ContourMilliseconds
PASS: bounded GPU mesh worker contract: ShadingEnabled
PASS: bounded GPU mesh worker contract: ContoursEnabled
PASS: worker publishes immutable terrain, contour and coastline geometry
PASS: contours stop at water cells
PASS: worker never creates CPU final-colour terrain image: Rgba
PASS: worker never creates CPU final-colour terrain image: ResolveRelative
PASS: worker never creates CPU final-colour terrain image: ResolveTopographic
PASS: worker never creates CPU final-colour terrain image: TextureFormat.RGBA32
PASS: worker never creates CPU final-colour terrain image: LoadRawTextureData
PASS: worker never creates CPU final-colour terrain image: final colour image
PASS: bounded GPU mesh composition contract: Mesh
PASS: bounded GPU mesh composition contract: MeshTopology.Lines
PASS: bounded GPU mesh composition contract: RenderTexture
PASS: bounded GPU mesh composition contract: RenderTextureFormat.ARGB32
PASS: bounded GPU mesh composition contract: Graphics.DrawMeshNow
PASS: bounded GPU mesh composition contract: GL.LoadOrtho
PASS: bounded GPU mesh composition contract: GUI.DrawTextureWithTexCoords
PASS: bounded GPU mesh composition contract: Shader.Find("Sprites/Default")
PASS: bounded GPU mesh composition contract: LandMesh
PASS: bounded GPU mesh composition contract: WaterMesh
PASS: bounded GPU mesh composition contract: ContourMesh
PASS: bounded GPU mesh composition contract: CoastlineMesh
PASS: bounded GPU mesh composition contract: AppendClippedTriangle
PASS: bounded GPU mesh composition contract: BuildCoastlineMesh
PASS: bounded GPU mesh composition contract: ResolveRelativeLandColour
PASS: bounded GPU mesh composition contract: ResolveTopographicLandColour
PASS: bounded GPU mesh composition contract: ResolveWaterColour
PASS: bounded GPU mesh composition contract: RelativeAltitudeBucketMeters
PASS: bounded GPU mesh composition contract: CoastlineHalfWidthNormalized
PASS: bounded GPU mesh composition contract: ResolveVramLimitBytes
PASS: bounded GPU mesh composition contract: Prune(ResolveVramLimitBytes())
PASS: bounded GPU mesh composition contract: DestroyUnityObject(entry.LandMesh)
PASS: bounded GPU mesh composition contract: DestroyUnityObject(entry.WaterMesh)
PASS: bounded GPU mesh composition contract: ResetGpuFailure
PASS: bounded GPU mesh composition contract: ReleaseGpuResources
PASS: bounded GPU mesh composition contract: RecordGpuMeshPreparation
PASS: bounded GPU mesh composition contract: TerrainGpuMode.Off
PASS: bounded GPU mesh composition contract: PerformanceGpuAccelerationEnabled
PASS: bounded GPU mesh composition contract: AutomaticGpuCapabilityAvailable
PASS: bounded GPU mesh composition contract: TryTileRectNormalized
PASS: bounded GPU mesh composition contract: BuildStyleKey(contourInterval)
PASS: tile rectangle uses all four corners
PASS: GPU terrain no longer depends on built-in shader palette transforms
PASS: REL colours are calculated explicitly from aircraft-to-terrain clearance
PASS: TOPO colours are calculated explicitly from elevation metres
PASS: water has a fixed blue colour independent of TOPO/REL
PASS: land and water use separate clipped meshes
PASS: coastline is a dedicated thick band distinct from contour lines
PASS: mesh cache style excludes aircraft altitude
PASS: mesh cache style excludes colour preset
PASS: GPU/upload failure disables only the HD layer
PASS: user-visible GPU mode toggle provides explicit retry
PASS: AUTO and forced GPU ON have distinct capability semantics
PASS: runtime telemetry tracks graphics-only terrain assist: RegisterGraphicsAssist
PASS: runtime telemetry tracks graphics-only terrain assist: ReleaseGraphicsAssist
PASS: runtime telemetry tracks graphics-only terrain assist: ReportGraphicsAssistFailure
PASS: GPU backend exposes graphics-assist active state
PASS: REL band follows aircraft-to-terrain clearance
PASS: REL band follows aircraft-to-terrain clearance
PASS: REL band follows aircraft-to-terrain clearance
PASS: REL band follows aircraft-to-terrain clearance
PASS: TOPO gradient spans -500m through 12000m
PASS: adaptive performance profile contract: MaximumTerrainTileRequests
PASS: adaptive performance profile contract: LocalTileRadius
PASS: adaptive performance profile contract: MaximumConcurrentTileIo
PASS: adaptive performance profile contract: TilePqsQueriesPerSecond
PASS: adaptive performance profile contract: MaximumTileSamplesPerFrame
PASS: adaptive performance profile contract: MaximumNormalLod
PASS: adaptive performance profile contract: DefaultRamCacheMiB
PASS: adaptive performance profile contract: DefaultDiskCacheMiB
PASS: adaptive performance profile contract: DefaultVramCacheMiB
PASS: adaptive performance profile contract: "ECO"
PASS: adaptive performance profile contract: "BALANCED"
PASS: adaptive performance profile contract: "HIGH"
PASS: adaptive performance profile contract: "ULTRA"
PASS: adaptive performance profile contract: RecordTilePqsCost
PASS: adaptive performance profile contract: tilePqsSampleEmaMs
PASS: adaptive performance profile contract: EffectiveTilePlanningFps
PASS: AUTO adapts from measured tile PQS cost
PASS: settings load/save contract: terrainDisplayMode
PASS: factory CFG terrain key: terrainDisplayMode
PASS: settings load/save contract: terrainGpuMode
PASS: factory CFG terrain key: terrainGpuMode
PASS: settings load/save contract: terrainColourPreset
PASS: factory CFG terrain key: terrainColourPreset
PASS: settings load/save contract: terrainRamCacheLimitMiB
PASS: factory CFG terrain key: terrainRamCacheLimitMiB
PASS: settings load/save contract: terrainDiskCacheLimitMiB
PASS: factory CFG terrain key: terrainDiskCacheLimitMiB
PASS: settings load/save contract: terrainVramCacheLimitMiB
PASS: factory CFG terrain key: terrainVramCacheLimitMiB
PASS: settings load/save contract: terrainContoursEnabled
PASS: factory CFG terrain key: terrainContoursEnabled
PASS: settings load/save contract: terrainShadingEnabled
PASS: factory CFG terrain key: terrainShadingEnabled
PASS: settings normalization/default: ReadEnum
PASS: settings normalization/default: NormalizeCacheLimit
PASS: settings normalization/default: TerrainDisplayMode = AERISTerrainDisplayMode.Automatic
PASS: settings normalization/default: TerrainGpuMode = AERISTerrainGpuMode.Automatic
PASS: ND terrain integration: DrawTerrainMap
PASS: ND terrain integration: terrainTileRenderer.Draw
PASS: ND terrain integration: CPU FALLBACK
PASS: ND terrain integration: TERR OFF
PASS: ND terrain integration: TerrainDisplayMode.Topographic
PASS: ND terrain integration: TerrainDisplayMode.Relative
PASS: ND terrain integration: TerrainDisplayMode.Off
PASS: ND terrain integration: SnapshotTelemetry
PASS: ND terrain integration: RecordTerrainTileState
PASS: cache/VRAM telemetry snapshot is repaint-only
PASS: terrain layer retains runway/navigation symbology
PASS: SYSTEM terrain option/telemetry: DrawTerrainQualitySelector
PASS: SYSTEM terrain option/telemetry: DrawTerrainModeSelector
PASS: SYSTEM terrain option/telemetry: DrawTerrainGpuSelector
PASS: SYSTEM terrain option/telemetry: DrawTerrainColourSelector
PASS: SYSTEM terrain option/telemetry: Terrain cache:
PASS: SYSTEM terrain option/telemetry: tile PQS
PASS: SYSTEM terrain option/telemetry: Terrain contour lines
PASS: SYSTEM terrain option/telemetry: Terrain relief shading
PASS: performance CSV terrain column: terrain_tile_ram_bytes
PASS: performance CSV terrain column: terrain_tile_ram_limit_bytes
PASS: performance CSV terrain column: terrain_tile_disk_bytes
PASS: performance CSV terrain column: terrain_tile_disk_limit_bytes
PASS: performance CSV terrain column: terrain_tile_ram_count
PASS: performance CSV terrain column: terrain_tile_disk_count
PASS: performance CSV terrain column: terrain_tile_ram_hits
PASS: performance CSV terrain column: terrain_tile_disk_hits
PASS: performance CSV terrain column: terrain_tile_misses
PASS: performance CSV terrain column: terrain_tile_reused
PASS: performance CSV terrain column: terrain_tile_generated
PASS: performance CSV terrain column: terrain_tile_disk_writes
PASS: performance CSV terrain column: terrain_tile_disk_failures
PASS: performance CSV terrain column: terrain_tile_stale_cancelled
PASS: performance CSV terrain column: terrain_tile_dropped_requests
PASS: performance CSV terrain column: terrain_tile_hit_rate
PASS: performance CSV terrain column: terrain_tile_pending
PASS: performance CSV terrain column: terrain_tile_sampling_remaining
PASS: performance CSV terrain column: terrain_gpu_bytes
PASS: performance CSV terrain column: terrain_gpu_textures
PASS: performance CSV terrain column: terrain_gpu_pending
PASS: performance CSV terrain column: terrain_gpu_failures
PASS: performance CSV terrain column: terrain_mesh_worker_ema_ms
PASS: performance CSV terrain column: terrain_contour_worker_ema_ms
PASS: Performance Runtime accepts terrain cache/GPU state
PASS: Terrain performance exposes separate mesh and contour worker EMA
PASS: Terrain performance records separate GPU mesh preparation phases
PASS: performance telemetry header/data column count
PASS: performance telemetry header names are unique
PASS: CP2 terrain remains control/NAV free: FlightCtrlState
PASS: CP2 terrain remains control/NAV free: MainThrottle
PASS: CP2 terrain remains control/NAV free: wheelThrottle
PASS: CP2 terrain remains control/NAV free: wheelSteer
PASS: CP2 terrain remains control/NAV free: OnFlyByWire
PASS: CP2 terrain remains control/NAV free: AERISNavDirector
PASS: CP2 terrain remains control/NAV free: TryStartNavLanding
PASS: CP2 terrain remains control/NAV free: NAV_LANDING
[v0.18.0.0 CP2 terrain tile, cache and GPU-display foundation] 272/272 PASS

=== selftest_v01800_cp2_nd_auxiliary.py rc=0 duration=1.178s ===
PASS: CP2 auxiliary source is compiled: Integrations\AERISWindProviderApi.cs
PASS: CP2 auxiliary source is compiled: Performance\AERISNavigationTrafficPipeline.cs
PASS: CP2 auxiliary source is compiled: Settings\AERISNavigationDisplayProfileStore.cs
PASS: settings load/save contract: navigationDisplayTrailEnabled
PASS: factory CFG auxiliary default: navigationDisplayTrailEnabled
PASS: settings load/save contract: navigationDisplayTrackVectorEnabled
PASS: factory CFG auxiliary default: navigationDisplayTrackVectorEnabled
PASS: settings load/save contract: navigationDisplayTrafficEnabled
PASS: factory CFG auxiliary default: navigationDisplayTrafficEnabled
PASS: settings load/save contract: navigationDisplayWindEnabled
PASS: factory CFG auxiliary default: navigationDisplayWindEnabled
PASS: settings load/save contract: navigationDisplayLandProfileSize
PASS: factory CFG auxiliary default: navigationDisplayLandProfileSize
PASS: reset/default contract: NavigationDisplayTrailEnabled = false
PASS: reset/default contract: NavigationDisplayTrackVectorEnabled = true
PASS: reset/default contract: NavigationDisplayTrafficEnabled = true
PASS: reset/default contract: NavigationDisplayWindEnabled = true
PASS: reset/default contract: NavigationDisplayLandProfileSize = AERISNavigationDisplayLandProfileSize.Normal
PASS: bounded trail contract: List<TrailSample>(900)
PASS: bounded trail contract: nextTrailSampleRealtime = now + 1f
PASS: bounded trail contract: east * east + north * north < 400.0
PASS: bounded trail contract: trailSamples.Count > 900
PASS: bounded trail contract: RemoveRange(0, trailSamples.Count - 900)
PASS: bounded trail contract: trailVesselPersistentId != vessel.persistentId
PASS: bounded trail contract: string.Equals(trailBodyName, bodyName
PASS: trail is display-only and fades by age
PASS: track-vector contract: DrawTrackVector
PASS: track-vector contract: vessel.srfSpeed < 1.0
PASS: track-vector contract: planMode
PASS: track-vector contract: Math.Min(60.0
PASS: track-vector contract: range * 0.38 / speed
PASS: track-vector contract: range * 0.42
PASS: track-vector contract: int[] tickSeconds = { 15, 30, 45, 60 }
PASS: track-vector contract: cachedFallbackMapHeading
PASS: bounded traffic capture contract: FlightGlobals.Vessels
PASS: bounded traffic capture contract: nextTrafficCaptureRealtime = now + 0.5f
PASS: bounded traffic capture contract: Math.Max(200000.0
PASS: bounded traffic capture contract: trafficCaptureScratch.Sort
PASS: bounded traffic capture contract: Math.Min(symbolLimit, trafficCaptureScratch.Count)
PASS: bounded traffic capture contract: Mathf.Clamp(
PASS: bounded traffic capture contract: 16, 64
PASS: bounded traffic capture contract: core.Performance.CaptureStamp()
PASS: bounded traffic capture contract: SubmitNavigationTraffic
PASS: shared traffic worker contract: AERISRuntimeLane.GeneralCompute
PASS: shared traffic worker contract: SubmitLatest
PASS: shared traffic worker contract: JobKey
PASS: shared traffic worker contract: "navigation-traffic-preprocess"
PASS: shared traffic worker contract: context.ThrowIfStale()
PASS: shared traffic worker contract: ClosestApproachSeconds
PASS: shared traffic worker contract: ClosestApproachMeters
PASS: shared traffic worker contract: ThreatLevel
PASS: shared traffic worker contract: LatitudeDeg = item.LatitudeDeg
PASS: shared traffic worker contract: LongitudeDeg = item.LongitudeDeg
PASS: shared traffic worker contract: Array.Sort(output, CompareTraffic)
PASS: Performance Runtime traffic integration: navigationTraffic = new AERISNavigationTrafficPipeline(scheduler)
PASS: Performance Runtime traffic integration: SubmitNavigationTraffic
PASS: Performance Runtime traffic integration: AERISPreparedTrafficFrameApi.Clear()
PASS: traffic worker contributes to shared ND worker telemetry
PASS: traffic worker excludes Unity/KSP/control object: UnityEngine
PASS: traffic worker excludes Unity/KSP/control object: FlightGlobals
PASS: traffic worker excludes Unity/KSP/control object: FlightCtrlState
PASS: traffic worker excludes Unity/KSP/control object: Vessel
PASS: traffic worker excludes Unity/KSP/control object: CelestialBody
PASS: traffic worker excludes Unity/KSP/control object: Texture2D
PASS: traffic worker excludes Unity/KSP/control object: GameObject
PASS: traffic worker excludes Unity/KSP/control object: MainThrottle
PASS: traffic worker excludes Unity/KSP/control object: OnFlyByWire
PASS: traffic worker excludes Unity/KSP/control object: AERISNavDirector
PASS: traffic pipeline creates no private asynchronous runtime: new Thread
PASS: traffic pipeline creates no private asynchronous runtime: ThreadPool
PASS: traffic pipeline creates no private asynchronous runtime: Task.Run
PASS: traffic pipeline creates no private asynchronous runtime: Task<
PASS: traffic pipeline creates no private asynchronous runtime: async 
PASS: traffic pipeline creates no private asynchronous runtime: await 
PASS: traffic preprocessing cannot consume Safety/LAND lane
PASS: CPA predicts head-on lateral convergence
PASS: CPA clamps diverging traffic to present time
PASS: critical traffic gate includes present proximity and is bounded
PASS: caution traffic gate is bounded
PASS: traffic display/preview contract: DrawPreparedTraffic
PASS: traffic display/preview contract: DrawTrafficSymbol
PASS: traffic display/preview contract: TrafficColor
PASS: traffic display/preview contract: FormatSignedAltitude
PASS: traffic display/preview contract: CPA 
PASS: traffic display/preview contract: PreviewTrafficAt
PASS: traffic display/preview contract: DrawTrafficPreviewPanel
PASS: traffic display/preview contract: "CENTER"
PASS: traffic display/preview contract: EnterPlanAt(traffic.LatitudeDeg, traffic.LongitudeDeg)
PASS: traffic preview has no selection/control action: SelectAirfield
PASS: traffic preview has no selection/control action: SelectDirection
PASS: traffic preview has no selection/control action: ArmLanding
PASS: traffic preview has no selection/control action: SetArmed
PASS: traffic alert transition/log contract: AERISTrafficAlertApi
PASS: traffic alert transition/log contract: lastLoggedThreatLevel
PASS: traffic alert transition/log contract: lastLoggedStableId
PASS: traffic alert transition/log contract: [TRAFFIC_ALERT]
PASS: traffic alert transition/log contract: intervention=NONE
PASS: traffic alert transition/log contract: AERISLogger.Error
PASS: traffic alert transition/log contract: AERISLogger.Warn
PASS: traffic alert transition/log contract: severity=CLEAR
PASS: FDI traffic annunciation contract: AERISTrafficAlertApi.TryGetLatest
PASS: FDI traffic annunciation contract: "TRAFFIC  "
PASS: FDI traffic annunciation contract: FdiTone.Red
PASS: FDI traffic annunciation contract: FdiTone.Amber
PASS: scene/vessel generation reset clears traffic alert
PASS: provider-neutral wind contract: public struct AERISWindQuery
PASS: provider-neutral wind contract: public struct AERISWindSample
PASS: provider-neutral wind contract: public interface IAERISWindProvider
PASS: provider-neutral wind contract: public static void Bind
PASS: provider-neutral wind contract: public static void Unbind
PASS: provider-neutral wind contract: Volatile.Read(ref provider)
PASS: provider-neutral wind contract: TryGetWind
PASS: provider-neutral wind contract: EastMetersPerSecond
PASS: provider-neutral wind contract: NorthMetersPerSecond
PASS: provider-neutral wind contract: UpMetersPerSecond
PASS: wind API excludes direct game/mod/control dependency: UnityEngine
PASS: wind API excludes direct game/mod/control dependency: FlightGlobals
PASS: wind API excludes direct game/mod/control dependency: Vessel
PASS: wind API excludes direct game/mod/control dependency: CelestialBody
PASS: wind API excludes direct game/mod/control dependency: FlightCtrlState
PASS: wind API excludes direct game/mod/control dependency: MainThrottle
PASS: wind API excludes direct game/mod/control dependency: FAR
PASS: wind API excludes direct game/mod/control dependency: KerbalWeather
PASS: wind display/menu contract: AERISWindProviderApi.TrySample
PASS: wind display/menu contract: Planetarium.GetUniversalTime()
PASS: wind display/menu contract: windFrom
PASS: wind display/menu contract: headwind
PASS: wind display/menu contract: crosswind
PASS: wind display/menu contract: DrawWindOverlay
PASS: wind display/menu contract: AERISWindProviderApi.ProviderName
PASS: wind display/menu contract: if (windAvailable)
PASS: wind item is hidden instead of shown when no provider exists
PASS: ND auxiliary menu contract: "MENU"
PASS: ND auxiliary menu contract: "TRAIL "
PASS: ND auxiliary menu contract: "VECTOR "
PASS: ND auxiliary menu contract: "TRAFFIC "
PASS: ND auxiliary menu contract: "WIND "
PASS: ND auxiliary menu contract: "LAND TERR "
PASS: ND auxiliary menu contract: auxiliaryMenuOpen
PASS: ND auxiliary menu contract: DrawAuxiliaryMenu
PASS: ND auxiliary menu contract: if (changed) SaveSettingsAndProfile()
PASS: ND auxiliary menu contract: ResolveAuxiliaryMenuRect
PASS: ND auxiliary menu contract: auxiliaryMenuRect.Contains(e.mousePosition)
PASS: per-craft ND profile contract: AERIS_ND_PROFILES
PASS: per-craft ND profile contract: MaximumProfiles = 128
PASS: per-craft ND profile contract: CreateSignature(Vessel vessel)
PASS: per-craft ND profile contract: part.craftID
PASS: per-craft ND profile contract: part.parent
PASS: per-craft ND profile contract: records.Sort(StringComparer.Ordinal)
PASS: per-craft ND profile contract: NavigationDisplayProfiles.cfg
PASS: per-craft ND profile contract: temporary profile round-trip failed
PASS: per-craft ND profile contract: File.Copy(PathName, backup, true)
PASS: per-craft ND profile contract: TerrainMode
PASS: per-craft ND profile contract: LandProfileSize
PASS: craft signature/profile excludes runtime/control state: vessel.persistentId
PASS: craft signature/profile excludes runtime/control state: vessel.latitude
PASS: craft signature/profile excludes runtime/control state: vessel.longitude
PASS: craft signature/profile excludes runtime/control state: vessel.altitude
PASS: craft signature/profile excludes runtime/control state: mainBody
PASS: craft signature/profile excludes runtime/control state: FlightCtrlState
PASS: craft signature/profile excludes runtime/control state: MainThrottle
PASS: ND per-craft profile integration: SyncVesselProfile(vessel)
PASS: ND per-craft profile integration: SaveActiveProfile()
PASS: ND per-craft profile integration: SaveSettingsAndProfile()
PASS: ND per-craft profile integration: ResolveLandingProfileFraction
PASS: ND per-craft profile integration: "PROFILE " + FormatLandingProfileSize()
PASS: ND per-craft profile integration: AERISNavigationDisplayLandProfileSize.Compact
PASS: ND per-craft profile integration: AERISNavigationDisplayLandProfileSize.Large
PASS: CP2 auxiliary features remain control/NAV free: FlightCtrlState
PASS: CP2 auxiliary features remain control/NAV free: MainThrottle
PASS: CP2 auxiliary features remain control/NAV free: wheelThrottle
PASS: CP2 auxiliary features remain control/NAV free: wheelSteer
PASS: CP2 auxiliary features remain control/NAV free: OnFlyByWire
PASS: CP2 auxiliary features remain control/NAV free: AERISNavDirector
PASS: CP2 auxiliary features remain control/NAV free: TryStartNavLanding
PASS: CP2 auxiliary features remain control/NAV free: NAV_LANDING
[v0.18.0.0 CP2 ND auxiliary symbology and provider contracts] 176/176 PASS

=== selftest_v01800_physical_runway_federation.py rc=0 duration=1.999s ===
PASS: federation contract: AERISPhysicalRunwayIdentity.Canonicalize
PASS: federation contract: PhysicalRunwayId
PASS: federation contract: ProviderAliases
PASS: federation contract: Complete-link clustering
PASS: federation contract: RunwayNumberHintsCompatible
PASS: federation contract: CompareClustersForIdentity
PASS: federation contract: ResolveClusterRunwayPair
PASS: federation contract: StableClusterDisambiguator
PASS: federation contract: Stable source-authored metadata
PASS: federation contract: MergeRuntimeGeometry
PASS: federation contract: ResolveBodyRadiusMeters
PASS: federation contract: [PHYSICAL_RUNWAY]
PASS: transitive union-find bridge merging is absent
PASS: physical ID never hashes the mutable alias-member set
PASS: reciprocal runway pair participates in stable physical identity
PASS: physical cache migration contract: CompactPhysicalAliases
PASS: physical cache migration contract: CurrentSchemaVersion = 8
PASS: physical cache migration contract: PreviousSchemaVersion = 7
PASS: physical cache migration contract: PHYSICAL_RUNWAY
PASS: survey catalog resolves provider aliases
PASS: physical federation source is compiled
PASS: physical and legacy identities coexist during migration
PASS: physical federation status survives atomic commit
PASS: discovered database uses one physical-runway airfield identity
PASS: Dull Spot aliases federate
PASS: TSC reciprocal 09/27 federates
PASS: different runway-number pairs remain separate
PASS: similarly named but distinct strips remain separate
PASS: body identity prevents cross-body federation
PASS: complete-link clustering blocks transitive bridge over-merge
PASS: alias visibility does not change normal physical runway base identity
PASS: reciprocal runway numbers map to one canonical pair token
PASS: adjacent runway numbers retain distinct canonical pair tokens
[v0.18.0.0 physical runway federation] 33/33 PASS

=== selftest_v01800_cache_schema7_physical_aliases.py rc=0 duration=1.791s ===
PASS: cache contract: CurrentSchemaVersion = 8
PASS: cache contract: PreviousSchemaVersion = 7
PASS: cache contract: CompatibilitySchemaVersion = 6
PASS: cache contract: OlderCompatibilitySchemaVersion = 5
PASS: cache contract: LegacySchemaVersion = 4
PASS: cache contract: OldestLegacySchemaVersion = 3
PASS: cache contract: CompactPhysicalAliases
PASS: cache contract: RebindPhysicalIdentity
PASS: cache contract: IsPhysicalStableRecordId
PASS: cache contract: NormalizeCachedStableIds(canonicalKey, record.Airfield)
PASS: cache contract: physical runway alias migration
PASS: schema 7 preserves physical IDs and migrates older provider IDs
PASS: physical cache key has explicit namespace marker
PASS: cache aliases compact only after the complete provider snapshot
PASS: multiple provider aliases become one physical certified record
PASS: newest equal-algorithm certification wins migration
PASS: unrelated cache record is untouched
PASS: positive certification supersedes negative aliases in a physical cluster
[v0.18.0.0 schema-7 physical cache aliases] 18/18 PASS

=== selftest_v01800_schema7_identity_migration.py rc=0 duration=2.041s ===
PASS: volatile TSC 09 UUID aliases collapse to one stable identity
PASS: volatile TSC 27 UUID aliases collapse to one stable identity
PASS: opposite TSC runway records remain independently identified
PASS: six historical TSC UUID records compact to two failure hints
PASS: stable provider identity excludes runtime UUID
PASS: UUID remains a fallback when no stable provider fields exist
PASS: source path prevents same-site/model collisions
PASS: identity normalization trims values and canonicalizes path separators
PASS: shared stable identity contract: internal static class AERISProviderIdentity
PASS: shared stable identity contract: hasStableProviderFields
PASS: shared stable identity contract: uuidFallback
PASS: shared stable identity contract: normalizedPath
PASS: shared stable identity contract: Replace('\\', '/')
PASS: shared provider identity helper is compiled
PASS: registry failure paths use shared provider identity
PASS: snapshot certified paths use shared provider identity
PASS: schema-7 compaction contract: CurrentSchemaVersion = 8
PASS: schema-7 compaction contract: PreviousSchemaVersion = 7
PASS: schema-7 compaction contract: CompatibilitySchemaVersion = 6
PASS: schema-7 compaction contract: LegacySchemaVersion = 4
PASS: schema-7 compaction contract: canonical identity migration compacted
PASS: schema-7 compaction contract: certifiedAliasesCompacted
PASS: schema-7 compaction contract: failureAliasesCompacted
PASS: schema-7 compaction contract: PreferCandidate(existing, failure)
PASS: schema-7 compaction contract: AERISProviderIdentity.ComposeStableRecordId(
PASS: schema-7 compaction contract: NormalizeCachedStableIds
PASS: identity migration tracks the current validated survey algorithm
[v0.18.0.0 failure-hint identity compaction regression] 27/27 PASS

=== selftest_v01800_cache_roundtrip_determinism.py rc=0 duration=1.048s ===
PASS: base64 UTF-8 persistence preserves physical runway namespace and newlines
PASS: physical cache key has an explicit non-provider namespace
PASS: cache exact-persistence contract: const int CurrentSchemaVersion = 8
PASS: cache exact-persistence contract: const int PreviousSchemaVersion = 7
PASS: cache exact-persistence contract: const int CompatibilitySchemaVersion = 6
PASS: cache exact-persistence contract: const int OlderCompatibilitySchemaVersion = 5
PASS: cache exact-persistence contract: const int LegacySchemaVersion = 4
PASS: cache exact-persistence contract: const string StableIdEncoding = "base64-utf8-v1"
PASS: cache exact-persistence contract: WriteStableRecordId(node, record.StableRecordId)
PASS: cache exact-persistence contract: WriteStableRecordId(node, value.StableRecordId)
PASS: cache exact-persistence contract: Convert.ToBase64String
PASS: cache exact-persistence contract: Convert.FromBase64String
PASS: cache exact-persistence contract: CompactPhysicalAliases
PASS: cache exact-persistence contract: RebindPhysicalIdentity
PASS: cache exact-persistence contract: NormalizeCachedStableIds(canonicalKey, record.Airfield)
PASS: cache exact-persistence contract: expected certified=
PASS: cache exact-persistence contract: actual certified=
PASS: schema 7 preserves canonical physical IDs while older IDs migrate
PASS: physical and legacy provider identities coexist only for migration
PASS: physical identity never hashes the mutable provider-alias member set
PASS: duplicate runway identity uses stable pair/location/source disambiguation
PASS: provider signature publishes canonical physical identity
PASS: runtime geometry remains a separate diagnostic signature
[v0.18.0.0 Gate-0 cache round-trip determinism] 23/23 PASS

=== selftest_v01800_canonical_source_cache.py rc=0 duration=2.224s ===
PASS: canonical source component multiset is enumeration-order independent
PASS: world placement is absent from the source asset signature
PASS: source hierarchy change invalidates cache
PASS: model identity change invalidates cache
PASS: source config path change invalidates cache
PASS: sub-quantum provider placement jitter preserves cache key
PASS: material provider placement change invalidates cache
PASS: unchanged survey contract preserves cache key
PASS: survey safety-limit change invalidates cache
PASS: survey method change invalidates cache
PASS: canonical source fingerprint contract: CanonicalSourceGeometryFingerprint(record)
PASS: canonical source fingerprint contract: AppendCanonicalPlacement(builder, record, frame)
PASS: canonical source fingerprint contract: AppendSurveyDefinition(builder, definition)
PASS: canonical source fingerprint contract: MeshAssetIdentity(root.transform, filters[i])
PASS: canonical source fingerprint contract: ColliderAssetIdentity(root.transform,
PASS: canonical source fingerprint contract: components.Sort(StringComparer.Ordinal)
PASS: canonical source fingerprint contract: Matrix4x4.TRS(current.localPosition,
PASS: canonical source fingerprint contract: matrix = local * matrix
PASS: canonical source fingerprint contract: canonicalSourceComponents.Add(canonical)
PASS: canonical source fingerprint contract: record, canonicalSourceComponents);
PASS: canonical source fingerprint contract: record.RuntimeRunwayPrefab != null
PASS: canonical source fingerprint contract: CanonicalMaterialNames(renderer)
PASS: canonical source fingerprint contract: Sha256Hex(builder.ToString())
PASS: canonical source key avoids planet-scale world-matrix cancellation
PASS: provider-authored placement is preferred over runtime fallback
PASS: canonical source cache fingerprint bumps algorithm version
PASS: cache key excludes live/LOD geometry input: BuildPrimitiveAggregate(primitives
PASS: cache key excludes live/LOD geometry input: BuildPointAggregate(points
PASS: cache key excludes live/LOD geometry input: frame.PqsElevation
PASS: cache key excludes live/LOD geometry input: frame.PqsSampled
PASS: runtime geometry remains survey evidence only: TryAddMesh(filter.sharedMesh
PASS: runtime geometry remains survey evidence only: TryAddBoundsPrimitive(collider.bounds
PASS: runtime geometry remains survey evidence only: sourceFingerprint, fingerprint);
PASS: cache miss diagnostic contract: TryGetExact(string stableRecordId, string fingerprint,
PASS: cache miss diagnostic contract: out AERISCachedRunwayRecord record, out string reason)
PASS: cache miss diagnostic contract: reason = "ALGORITHM "
PASS: cache miss diagnostic contract: reason = "FINGERPRINT "
PASS: cache miss diagnostic contract: ShortHash(value.Fingerprint)
PASS: field evidence for cache miss: "[AIRFIELD_CACHE] exact miss; id="
PASS: field evidence for cache miss: cachedPoints=
PASS: field evidence for cache miss: livePoints=
PASS: field evidence for cache miss: cachedPrimitives=
PASS: field evidence for cache miss: livePrimitives=
PASS: provider signature split retained: ProviderSignatureIdentity(record)
PASS: provider signature split retained: ProviderGeometryDiagnosticIdentity(record)
PASS: provider signature split retained: geometryDiagnosticSignature = HashProviderIdentities(geometryIdentities)
[v0.18.0.0 canonical source-geometry cache regression] 46/46 PASS

=== selftest_v01800_submetre_provider_frame_cache.py rc=0 duration=2.202s ===
PASS: Dull Spot provider-frame rebuild is inside the 0.50 m gate
PASS: Mahi provider-frame rebuild is inside the 0.50 m gate
PASS: Dull Spot reuses cache only under identical source/geometry contracts
PASS: Mahi reuses cache only under identical source/geometry contracts
PASS: source/model/config change always rejects compatibility
PASS: point-count change rejects compatibility
PASS: primitive-count change rejects compatibility
PASS: collider-readability change rejects compatibility
PASS: material horizontal relocation rejects compatibility
PASS: vertical relocation above 0.10 m rejects compatibility
PASS: heading change above 0.02 degrees rejects compatibility
PASS: model-scale change rejects compatibility
PASS: compatibility contract bumps the survey algorithm version
PASS: snapshot carries strict source identity: SourceFingerprint
PASS: snapshot carries strict source identity: string sourceFingerprint, string inputFingerprint
PASS: source/full fingerprint split: BuildSourceFingerprint(record
PASS: source/full fingerprint split: AppendSurveyDefinition(builder, definition)
PASS: source/full fingerprint split: AppendCanonicalPlacement(builder, record, frame)
PASS: strict compatibility cache contract: CurrentSchemaVersion = 8
PASS: strict compatibility cache contract: PreviousSchemaVersion = 7
PASS: strict compatibility cache contract: TryGetSubMetreCompatible
PASS: strict compatibility cache contract: MaximumHorizontalMeters = 0.50
PASS: strict compatibility cache contract: MaximumVerticalMeters = 0.10
PASS: strict compatibility cache contract: MaximumHeadingDegrees = 0.02
PASS: strict compatibility cache contract: MaximumScaleDelta = 0.0005
PASS: strict compatibility cache contract: HorizontalDistanceMeters
PASS: strict compatibility cache contract: GEOMETRY SHAPE/COUNT CHANGED
PASS: strict compatibility cache contract: sourceFingerprint
PASS: registry compatibility commit contract: sub-metre compatible hit
PASS: registry compatibility commit contract: TryGetSubMetreCompatible(snapshot, record
PASS: registry compatibility commit contract: CERTIFIED CACHE HIT — SUB-METRE PROVIDER FRAME COMPATIBILITY
[v0.18.0.0 sub-metre provider-frame cache regression] 31/31 PASS

=== selftest_v01800_adaptive_approach_foundation.py rc=0 duration=1.899s ===
PASS: approach source is compiled: AERISApproachModels.cs
PASS: approach source is compiled: AERISAdaptiveApproachPlanner.cs
PASS: approach source is compiled: AERISApproachRegistry.cs
PASS: restrained glide path contract: MinimumGlideAngleDeg = 2.5
PASS: restrained glide path contract: NormalMaximumGlideAngleDeg = 4.0
PASS: restrained glide path contract: ObstacleMaximumGlideAngleDeg = 5.0
PASS: restrained glide path contract: ConditionalMaximumGlideAngleDeg = 6.0
PASS: restrained glide path contract: MinimumFinalStraightMeters = 4000.0
PASS: restrained glide path contract: AircraftSupportsSteepApproach
PASS: adaptive procedure contract: FinalCorridorClear
PASS: adaptive procedure contract: BuildDoglegIfUseful
PASS: adaptive procedure contract: FINAL LOCALIZER MUST COINCIDE WITH RUNWAY CENTERLINE
PASS: adaptive procedure contract: MISSED_APPROACH_BLOCKED
PASS: adaptive procedure contract: CONTINUOUS CURVATURE TRANSITION
PASS: adaptive procedure contract: DISPLAY/PLANNING GATE ONLY; NO FLIGHT CONTROL AUTHORITY
PASS: missing terrain/obstacle snapshot remains pending rather than certified
PASS: registry publishes clone-only display/planning snapshots
PASS: approach foundation has no control/NAV authority: FlightCtrlState
PASS: approach foundation has no control/NAV authority: MainThrottle
PASS: approach foundation has no control/NAV authority: wheelThrottle
PASS: approach foundation has no control/NAV authority: wheelSteer
PASS: approach foundation has no control/NAV authority: SetArmed(
PASS: approach foundation has no control/NAV authority: ApplyAaNative
PASS: approach foundation has no control/NAV authority: AERISNavDirector
PASS: clear corridor retains conventional 3-degree path
PASS: obstacle raises glide path only within restrained non-steep band
PASS: path above 5 degrees requires explicit steep-aircraft capability
PASS: steep-capable aircraft may receive conditional 5-6 degree candidate
PASS: blocked mandatory final cannot be bypassed laterally
PASS: outer obstacle is eligible for offset/dogleg candidate evaluation
[v0.18.0.0 adaptive approach planning foundation] 30/30 PASS

=== selftest_v0170_generation_scheduler.py rc=0 duration=0.974s ===
PASS: sample sequence does not invalidate the same identity domain
PASS: scene revision invalidates stale results
PASS: vessel revision invalidates stale results
PASS: instance revision invalidates stale results
PASS: body revision invalidates stale results
PASS: control revision invalidates stale results
PASS: docking revision invalidates stale results
PASS: database revision invalidates stale results
PASS: selection revision invalidates stale results
PASS: plan revision invalidates stale results
PASS: layout revision invalidates stale results
PASS: a running same-key job becomes stale after a newer submission
PASS: newest same-key job remains current
PASS: model queue remains bounded
PASS: new work is retained at bounded tail
PASS: AUTO AGGRESSIVE permit formula is bounded at L=1
PASS: AUTO AGGRESSIVE permit formula is bounded at L=2
PASS: AUTO AGGRESSIVE permit formula is bounded at L=4
PASS: AUTO AGGRESSIVE permit formula is bounded at L=8
PASS: AUTO AGGRESSIVE permit formula is bounded at L=16
PASS: AUTO AGGRESSIVE permit formula is bounded at L=32
PASS: AUTO AGGRESSIVE permit formula is bounded at L=64
PASS: two-worker acceptance override is supported
PASS: severe load immediately removes two permits
PASS: stable recovery restores one permit at a time
PASS: weighted fairness order is explicit
PASS: bursts wake enough workers despite AutoResetEvent coalescing
PASS: archive lane pauses before critical/general work
PASS: Safety/LAND reservation is enforced under contention
PASS: main-thread commit rejects stale generation-bound results
PASS: main-thread commit rejects replaced running results
PASS: completed-result queue is bounded and coalesced by lane/key
PASS: out-of-order completion retains only the newest same-key result
PASS: result-capacity eviction also clears identity indexes
[v0.17.0.0 generation, latest-wins and permit model] 34/34 PASS

=== selftest_v0170_async_recording.py rc=0 duration=1.868s ===
PASS: bankDiagnosticsWriter accepted header column count
PASS: bankDiagnosticsWriter data/header column count
PASS: bankDiagnosticsWriter header is byte-identical to PC1
PASS: bankDiagnosticsWriter header names are unique
PASS: hdgDiagnosticsWriter accepted header column count
PASS: hdgDiagnosticsWriter data/header column count
PASS: hdgDiagnosticsWriter header is byte-identical to PC1
PASS: hdgDiagnosticsWriter header names are unique
PASS: apSmoothnessWriter accepted header column count
PASS: apSmoothnessWriter data/header column count
PASS: apSmoothnessWriter header is byte-identical to PC1
PASS: apSmoothnessWriter header names are unique
PASS: pitchDiagnosticsWriter accepted header column count
PASS: pitchDiagnosticsWriter data/header column count
PASS: pitchDiagnosticsWriter header is byte-identical to PC1
PASS: pitchDiagnosticsWriter header names are unique
PASS: vsDiagnosticsWriter accepted header column count
PASS: vsDiagnosticsWriter data/header column count
PASS: vsDiagnosticsWriter header is byte-identical to PC1
PASS: vsDiagnosticsWriter header names are unique
PASS: vsCruiseAccelerationGuideWriter accepted header column count
PASS: vsCruiseAccelerationGuideWriter data/header column count
PASS: vsCruiseAccelerationGuideWriter header is byte-identical to PC1
PASS: vsCruiseAccelerationGuideWriter header names are unique
PASS: accelerationDiagnosticsWriter accepted header column count
PASS: accelerationDiagnosticsWriter data/header column count
PASS: accelerationDiagnosticsWriter header is byte-identical to PC1
PASS: accelerationDiagnosticsWriter header names are unique
PASS: velocityDiagnosticsWriter accepted header column count
PASS: velocityDiagnosticsWriter data/header column count
PASS: velocityDiagnosticsWriter header is byte-identical to PC1
PASS: velocityDiagnosticsWriter header names are unique
PASS: altDiagnosticsWriter accepted header column count
PASS: altDiagnosticsWriter data/header column count
PASS: altDiagnosticsWriter header is byte-identical to PC1
PASS: altDiagnosticsWriter header names are unique
PASS: groundTakeoffDiagnosticsWriter accepted header column count
PASS: groundTakeoffDiagnosticsWriter data/header column count
PASS: groundTakeoffDiagnosticsWriter header is byte-identical to PC1
PASS: groundTakeoffDiagnosticsWriter header names are unique
PASS: fdrWriter accepted header column count
PASS: fdrWriter data/header column count
PASS: fdrWriter header is byte-identical to PC1
PASS: fdrWriter header names are unique
PASS: cvrWriter accepted header column count
PASS: cvrWriter data/header column count
PASS: cvrWriter header is byte-identical to PC1
PASS: cvrWriter header names are unique
PASS: writer preserves FIFO command order
PASS: critical events displace verbose/continuous records first
PASS: any dropped session record prevents archive sealing
PASS: dropped Open/Close control records also make a session unsealable
PASS: Close retains the channel path until final Flush/Dispose succeeds
PASS: shutdown cannot accept writes behind Stop
PASS: CSV capture avoids a redundant defensive array allocation
PASS: recovery scan cannot race each vessel-change Close/Seal sequence
PASS: seal queue rejection explicitly retains the raw session
PASS: extension telemetry rejects ambiguous normalized CSV headers
PASS: performance telemetry header/data column count
PASS: performance telemetry header names are unique
PASS: startup recovery scan explicitly excludes the newly opened session
PASS: archive verification compares decompressed bytes with raw source
PASS: raw deletion follows successful verification
PASS: archive cancellation is not converted into an ordinary result
PASS: archive model exact-byte verification passes
PASS: corruption model preserves file length
PASS: same-size source corruption is rejected by byte verification
[v0.17.0.0 asynchronous recording and archive integrity] 67/67 PASS

=== selftest_v0170_pc1_golden.py rc=0 duration=2.012s ===
PASS: BANK maneuver implementation remains byte-identical
PASS: PC1 registry invariant: RequestStartupLoad
PASS: PC1 registry invariant: RequestManualReload
PASS: PC1 registry invariant: MANUAL RELOAD COALESCED
PASS: PC1 registry invariant: AERISAirfieldReloadState.Staged
PASS: PC1 registry invariant: if (!approachFrozen) CommitStaged()
PASS: PC1 registry invariant: MarkCachedDirectionsForRevalidation
PASS: PC1 registry invariant: RevokeForRevalidation
PASS: PC1 registry invariant: SelectionRevision
PASS: PC1 registry invariant: DatabaseRevision
PASS: LAND deep-freeze invariant: frozenAirfield
PASS: LAND deep-freeze invariant: frozenDirection
PASS: LAND deep-freeze invariant: frozenDatabaseRevision
PASS: LAND deep-freeze invariant: frozenGeometryRevision
PASS: LAND deep-freeze invariant: HasCertifiedGeometry
PASS: LAND deep-freeze invariant: CreateTrackToken
PASS: LAND control-free invariant: FlightCtrlState
PASS: LAND control-free invariant: MainThrottle
PASS: LAND control-free invariant: wheelThrottle
PASS: LAND control-free invariant: wheelSteer
PASS: LAND control-free invariant: ApplyAaNative
PASS: LAND control-free invariant: .SetArmed(
PASS: startup requests exactly one automatic airfield load
PASS: LAND approach freeze is supplied to the registry
PASS: accepted ND/LAND display invariant: if (!landActive)
PASS: accepted ND/LAND display invariant: DrawAirfieldSymbols
PASS: accepted ND/LAND display invariant: DrawLandingPlan
PASS: accepted ND/LAND display invariant: DrawLandingProfile
PASS: accepted ND/LAND display invariant: new Color(0.88f, 1f, 1f
PASS: accepted ND/LAND display invariant: 1.8f
PASS: accepted ND/LAND display invariant: 1.0f
PASS: display preprocessing cannot consume the Safety/LAND reserved lane
PASS: AERIS/AIFD canonical field is shared: LateralMode
PASS: AERIS/AIFD canonical field is shared: VerticalMode
PASS: AERIS/AIFD canonical field is shared: SpeedMode
PASS: AERIS/AIFD canonical field is shared: ProtectState
PASS: AERIS/AIFD canonical field is shared: LandState
PASS: AERIS/AIFD canonical field is shared: LocalizerDeviationMeters
PASS: AERIS/AIFD canonical field is shared: GlidePathDeviationMeters
PASS: GPU unavailable path retains CPU display preparation
PASS: legacy NAV remains removed: AERISNavDirector
PASS: legacy NAV remains removed: AERISRouteSpeedPlanner
PASS: legacy NAV remains removed: AERISTrajectoryPrimitives
PASS: legacy NAV remains removed: TryStartNavLanding
PASS: legacy NAV remains removed: NAV_LANDING
[v0.17.0.0 PC1, display and safety invariants] 45/45 PASS

=== selftest_v01703_startup_cache_archive.py rc=0 duration=1.950s ===
PASS: startup/manual refresh waits while flight providers are not stable
PASS: refresh begins once the unpacked flight provider runtime is stable
PASS: provider gate starts a timer for the current unpacked vessel
PASS: provider gate opens after the same vessel is stable for 1.5 seconds
PASS: active-vessel replacement resets provider stability
PASS: named cache root is accepted
PASS: wrapped named cache root is accepted
PASS: legacy ConfigNode.Save direct-root cache is accepted
PASS: unrelated/malformed cache remains rejected
PASS: scene-idle archive drain overrides stale scene-transition backoff
PASS: LAND activity always keeps archive compression paused
PASS: in-flight severe backoff still pauses archive compression
PASS: cache compatibility/integrity contract: const string CacheNodeName = "AERISAirfieldCertificationCache"
PASS: cache compatibility/integrity contract: ResolveCacheRoot(loaded)
PASS: cache compatibility/integrity contract: ResolveCacheRoot(verify)
PASS: cache compatibility/integrity contract: loaded.GetValue("schemaVersion")
PASS: cache compatibility/integrity contract: GetNodes("Record").Length != entries.Count
PASS: cache compatibility/integrity contract: GetNodes("FailureRecord").Length != failures.Count
PASS: cache compatibility/integrity contract: TryLoadFile(temporary, roundTripEntries, roundTripFailures
PASS: cache compatibility/integrity contract: roundTripEntries.Count != entries.Count
PASS: cache compatibility/integrity contract: roundTripFailures.Count != failures.Count
PASS: cache compatibility/integrity contract: [AIRFIELD_CACHE] load accepted
PASS: cache compatibility/integrity contract: [AIRFIELD_CACHE] save verified
PASS: provider-stable reload contract: Tick(bool freezeApproachGeometry, bool providerRuntimeReady)
PASS: provider-stable reload contract: CanBeginRefresh(providerRuntimeReady)
PASS: provider-stable reload contract: WAITING FOR STABLE FLIGHT PROVIDERS
PASS: provider-stable reload contract: AIRFIELD_PROVIDER_SNAPSHOT
PASS: provider-stable reload contract: ProviderSnapshotSignature(stagedRecords
PASS: provider-stable reload contract: if (refreshRequested || IsReloadActive())
PASS: provider-stable reload contract: if (!IsReloadActive() && !refreshRequested && pendingRefresh)
PASS: bootstrap readiness/scene contract: airfieldProviderReadySince=-1f
PASS: bootstrap readiness/scene contract: airfieldProviderReadyVessel
PASS: bootstrap readiness/scene contract: inFlight&&vessel!=null&&!vessel.packed
PASS: bootstrap readiness/scene contract: airfieldProviderReadyVessel!=vessel
PASS: bootstrap readiness/scene contract: now-airfieldProviderReadySince>=1.5f
PASS: bootstrap readiness/scene contract: Airfields.Tick(Landing!=null&&Landing.Armed,airfieldProvidersReady)
PASS: bootstrap readiness/scene contract: Performance.Tick(now,Mathf.Max(0f,Time.unscaledDeltaTime)*1000.0,snapshotCost,Landing!=null&&Landing.Armed,inFlight)
PASS: runtime archive-drain contract: bool landActive, bool inFlight
PASS: runtime archive-drain contract: !inFlight &&
PASS: runtime archive-drain contract: AERISFlightDataArchive.PendingCount > 0
PASS: runtime archive-drain contract: archiveDrainPreferred
PASS: permit-controller archive contract: bool landActive, bool archiveDrainPreferred
PASS: permit-controller archive contract: SCENE-IDLE ARCHIVE DRAIN
PASS: permit-controller archive contract: if (archiveDrainPreferred && !landActive)
PASS: permit-controller archive contract: archivePaused = false
PASS: archive lifecycle evidence: [FDR][ARCHIVE] queued
PASS: archive lifecycle evidence: [FDR][ARCHIVE] scheduler accepted
PASS: archive lifecycle evidence: ZIP verified
[v0.17.0.3 startup/cache/archive field-hotfix regression] 48/48 PASS

=== selftest_v01702_runway_registry_identity.py rc=0 duration=1.841s ===
PASS: independent stock facilities remain unique despite shared legacy KSP group
PASS: the attached-log collision ID DISC_STOCK_KSP cannot be generated
PASS: stock runway identity is provider-site based
PASS: stock Island Airfield identity is provider-site based
PASS: independent DLC facilities remain unique
PASS: multiple Kerbal Konstructs runways at one airport still group together
PASS: multiple SLE runways at one airport still group together
PASS: KSP facility identity contract: ReadString(facility, "facilityDisplayName")
PASS: KSP facility identity contract: record.ProviderSiteId = name
PASS: KSP facility identity contract: record.ProviderGroup = name
PASS: KSP facility identity contract: record.DisplayName = name
PASS: literal KSP group collapse is removed
PASS: registry identity/diagnostic contract: UsesProviderAirfieldGroup(record)
PASS: registry identity/diagnostic contract: DiscoveredAirfieldIdentity(record)
PASS: registry identity/diagnostic contract: if (record == null || !UsesProviderAirfieldGroup(record)) return null
PASS: registry identity/diagnostic contract: record.Source == AERISAirfieldSource.KerbalKonstructs
PASS: registry identity/diagnostic contract: record.Source == AERISAirfieldSource.StockLaunchsitesExpansion
PASS: registry identity/diagnostic contract: SingleLineStableId(airfield.StableId)
PASS: registry identity/diagnostic contract: SingleLineStableId(stable)
PASS: AIRFIELDS page exposes the full reload result
[v0.17.0.2 stock/DLC runway-registry identity regression] 20/20 PASS

=== selftest_v0164_consensus_runway.py rc=0 duration=1.212s ===
PASS: 01 single straight runway
PASS: 02 parallel runway centerlines remain separate
PASS: 03 X layout produces two physical axes
PASS: 04 cross/T candidates do not contaminate each other
PASS: 05 taxiway and apron are excluded
PASS: 06 mountain platform whole-site bounds are excluded
PASS: 07 aligned multi-static modules consolidate
PASS: 08 collider-only numeric geometry remains usable
PASS: 09 unreadable mesh fails safely
PASS: 10 negative-scale/rotated orientation is normalized
PASS: 11 blast/stopway physical extent is separate from usable length
PASS: 12 unmarked/natural straight strip can use non-marking evidence
PASS: 13 cliff/step candidate is rejected
PASS: 14 unresolved multi-axis ambiguity fails
PASS: 15 approach blockage is direction-specific
[v0.16.4.0 deterministic consensus-runway reference cases] 15/15 PASS

=== selftest_v0164_reload_land_ui.py rc=0 duration=1.562s ===
PASS: reload phase is implemented: LoadingCache
PASS: reload phase is implemented: Discovering
PASS: reload phase is implemented: Surveying
PASS: reload phase is implemented: Validating
PASS: reload phase is implemented: Staged
PASS: reload phase is implemented: Complete
PASS: reload phase is implemented: Failed
PASS: reload begins only outside an active transaction and after provider readiness
PASS: repeated manual reloads coalesce to one pending request
PASS: automatic load is requested once after addon/provider startup
PASS: scene/vessel transitions do not trigger a full airfield rescan
PASS: registry receives current LAND freeze state
PASS: staged geometry commits only after LAND is disarmed
PASS: LAND deep-freeze contract: frozenAirfield = airfield.Clone()
PASS: LAND deep-freeze contract: frozenDirection = FindDirection(frozenAirfield
PASS: LAND deep-freeze contract: frozenAirfield.RunwayForDirection(frozenDirection)
PASS: LAND deep-freeze contract: frozenDatabaseRevision
PASS: LAND deep-freeze contract: frozenGeometryRevision
PASS: live certification revocation immediately disarms LAND
PASS: LAND ARM rejects every non-CERTIFIED direction
PASS: AIRFIELDS fold setting exists: AirfieldsCertifiedExpanded
PASS: AIRFIELDS fold default exists: airfieldsCertifiedExpanded
PASS: AIRFIELDS fold setting exists: AirfieldsUserCalibratedExpanded
PASS: AIRFIELDS fold default exists: airfieldsUserCalibratedExpanded
PASS: AIRFIELDS fold setting exists: AirfieldsFailedExpanded
PASS: AIRFIELDS fold default exists: airfieldsFailedExpanded
PASS: AIRFIELDS fold setting exists: AirfieldsPendingExpanded
PASS: AIRFIELDS fold default exists: airfieldsPendingExpanded
PASS: AIRFIELDS fold setting exists: AirfieldsRevalidationExpanded
PASS: AIRFIELDS fold default exists: airfieldsRevalidationExpanded
PASS: SYSTEM tab preserves STATUS / OPTIONS / AIRFIELDS before PRELOAD MAPS / DIAGNOSTICS
PASS: AIRFIELDS header exposes the required manual reload button
PASS: AIRFIELDS category is visible: CERTIFIED — AUTOMATIC / PROVIDER
PASS: AIRFIELDS category is visible: USER CALIBRATED — MANUAL
PASS: AIRFIELDS category is visible: FAILED
PASS: AIRFIELDS category is visible: PENDING
PASS: AIRFIELDS category is visible: REVALIDATION
PASS: AIRFIELDS detail exposes: GeometryConfidence
PASS: AIRFIELDS detail exposes: ClassificationConfidence
PASS: AIRFIELDS detail exposes: EvidenceFamilies
PASS: AIRFIELDS detail exposes: MeasurementMethods
PASS: AIRFIELDS detail exposes: CenterlineUncertaintyMeters
PASS: AIRFIELDS detail exposes: HeadingUncertaintyDeg
PASS: AIRFIELDS detail exposes: ThresholdUncertaintyMeters
PASS: AIRFIELDS detail exposes: GeometryFingerprint
PASS: AIRFIELDS detail exposes: FailureCode
PASS: LAND runway selection is locked while armed
PASS: LAND selector iterates certified directions only
PASS: AIRFIELDS UI shows live REVALIDATION overlay state
PASS: read-only runway-track token has lifecycle binding
PASS: ND uses frozen selected LAND direction
PASS: LAND/ILS view removes non-selected facility symbols
PASS: selected runway and glide profile remain visible
PASS: ownship core line remains approximately one pixel
PASS: ownship contrast edge remains below the two-pixel limit
PASS: LAND foundation remains observation-only
[v0.16.4.0 reload, LAND freeze, AIRFIELDS and ND contract] 56/56 PASS

=== selftest_v01630_legacy_nav_removal.py rc=0 duration=1.354s ===
PASS: safe NAV ARM rejection boundary exists
PASS: NAV ARM always rejects
PASS: NAV ARM rejection is logged
PASS: NAV ARM UI is visibly disabled
PASS: flight-plan library remains data-only
PASS: flight-plan library has no control dependency: FlightCtrlState
PASS: flight-plan library has no control dependency: SetArmed(
PASS: flight-plan library has no control dependency: AERISBankDirector
PASS: flight-plan library has no control dependency: AERISHdgDirector
PASS: flight-plan library has no control dependency: AERISVerticalSpeedDirector
PASS: flight-plan library has no control dependency: AERISVelocityDirector
PASS: existing CFG library remains readable
PASS: flight-plan library reports data-only status
PASS: legacy automation entry removed: TryStartNavLanding
PASS: legacy automation entry removed: TryGetCompatibleNavPlans
PASS: legacy automation entry removed: AERISNavLandingRequest
PASS: legacy automation entry removed: AERISNavPlanDescriptor
PASS: Navigation capability is not advertised
PASS: AutoLanding capability is not advertised
PASS: Contract v2 numeric slots remain reserved
PASS: legacy setting removed: ApNav
PASS: legacy setting removed: apNav
PASS: legacy setting removed: showFlightInstrumentWithoutApNav
PASS: legacy recorder surface removed: SampleNavDiagnostics
PASS: legacy recorder surface removed: fdr_nav_diagnostics
PASS: legacy recorder surface removed: navDiagnosticsWriter
PASS: legacy recorder surface removed: hdg_managed_yaw_active
PASS: LAND first gate has no control dependency: FlightCtrlState
PASS: LAND first gate has no control dependency: .SetArmed(
PASS: LAND first gate has no control dependency: ApplyAaNative
PASS: LAND first gate has no control dependency: MainThrottle
PASS: LAND first gate has no control dependency: .pitch
PASS: LAND first gate has no control dependency: .roll
PASS: LAND first gate has no control dependency: .yaw
PASS: LAND first gate has no control dependency: GroundStability.
PASS: LAND first gate has no control dependency: SpeedAirbrake.
PASS: normal AP update retained: Hdg.Update
PASS: normal AP update retained: Altitude.Update
PASS: normal AP update retained: VerticalSpeed.Update
PASS: normal AP update retained: Velocity.Update
PASS: normal AP update retained: Acceleration.Update
PASS: legacy NAV class absent: AERISNavDirector
PASS: legacy NAV class absent: AERISRouteSpeedPlanner
PASS: legacy NAV class absent: AERISTrajectoryPrimitives
[v0.16.3.0 legacy NAV removal] 44/44 PASS

=== selftest_v01630_foundation_data_display.py rc=0 duration=0.905s ===
PASS: six existing data-only flight-plan CFG files are retained
PASS: balanced CFG braces: 01_KSC_ILS_09.cfg
PASS: FlightPlan node exists: 01_KSC_ILS_09.cfg
PASS: at least two fixes exist: 01_KSC_ILS_09.cfg
PASS: balanced CFG braces: 02_KSC_DEP_09.cfg
PASS: FlightPlan node exists: 02_KSC_DEP_09.cfg
PASS: at least two fixes exist: 02_KSC_DEP_09.cfg
PASS: balanced CFG braces: 03_KSC_ILS_09_Circuit_Large.cfg
PASS: FlightPlan node exists: 03_KSC_ILS_09_Circuit_Large.cfg
PASS: at least two fixes exist: 03_KSC_ILS_09_Circuit_Large.cfg
PASS: balanced CFG braces: 04_KSC_ILS_09_Circuit_Small.cfg
PASS: FlightPlan node exists: 04_KSC_ILS_09_Circuit_Small.cfg
PASS: at least two fixes exist: 04_KSC_ILS_09_Circuit_Small.cfg
PASS: balanced CFG braces: 05_Island_09_ILS.cfg
PASS: FlightPlan node exists: 05_Island_09_ILS.cfg
PASS: at least two fixes exist: 05_Island_09_ILS.cfg
PASS: balanced CFG braces: 06_KSC_ILS_27.cfg
PASS: FlightPlan node exists: 06_KSC_ILS_27.cfg
PASS: at least two fixes exist: 06_KSC_ILS_27.cfg
PASS: flight-plan data guard retained: AERISFlightPlanFix
PASS: flight-plan data guard retained: AERISFlightPlanDefinition
PASS: flight-plan data guard retained: AERISFlightPlanLibrary
PASS: flight-plan data guard retained: NormalizeLongitude
PASS: flight-plan data guard retained: ReadDouble
PASS: flight-plan data guard retained: double.IsNaN
PASS: flight-plan data guard retained: double.IsInfinity
PASS: flight-plan library remains control-free: FlightCtrlState
PASS: flight-plan library remains control-free: SetArmed(
PASS: flight-plan library remains control-free: AERISBankDirector
PASS: flight-plan library remains control-free: CommandBank
PASS: ND rejects non-finite/bad viewport
PASS: ND confines drawing to its group
PASS: ND always closes its GUI group
PASS: ND restores GUI matrix
PASS: ND restores GUI color
PASS: ND restores GUI background
PASS: ND clips text to its viewport
PASS: ND draws terrain moving map
PASS: ND draws runway/localizer plan geometry
PASS: ND draws glide-path profile geometry
[v0.16.3.0 foundation data/display] 40/40 PASS

=== selftest_v01630_user_layout_ui.py rc=0 duration=0.985s ===
PASS: shared display-mode enum exists
PASS: display modes are AUTO and ALWAYS only
PASS: ND defaults to ALWAYS
PASS: FDI defaults to ALWAYS
PASS: persisted layout field exists: NavigationDisplayLayoutCustomized
PASS: persisted layout field exists: NavigationDisplayRectX01
PASS: persisted layout field exists: NavigationDisplayRectY01
PASS: persisted layout field exists: NavigationDisplayRectW01
PASS: persisted layout field exists: NavigationDisplayRectH01
PASS: persisted layout field exists: FlightInstrumentLayoutCustomized
PASS: persisted layout field exists: FlightInstrumentRectX01
PASS: persisted layout field exists: FlightInstrumentRectY01
PASS: persisted layout field exists: FlightInstrumentRectW01
PASS: persisted layout field exists: FlightInstrumentRectH01
PASS: settings save key exists: navigationDisplayMode
PASS: default CFG key exists: navigationDisplayMode
PASS: settings save key exists: navigationDisplayLayoutCustomized
PASS: default CFG key exists: navigationDisplayLayoutCustomized
PASS: settings save key exists: navigationDisplayRectX01
PASS: default CFG key exists: navigationDisplayRectX01
PASS: settings save key exists: navigationDisplayRectY01
PASS: default CFG key exists: navigationDisplayRectY01
PASS: settings save key exists: navigationDisplayRectW01
PASS: default CFG key exists: navigationDisplayRectW01
PASS: settings save key exists: navigationDisplayRectH01
PASS: default CFG key exists: navigationDisplayRectH01
PASS: settings save key exists: flightInstrumentDisplayMode
PASS: default CFG key exists: flightInstrumentDisplayMode
PASS: settings save key exists: flightInstrumentLayoutCustomized
PASS: default CFG key exists: flightInstrumentLayoutCustomized
PASS: settings save key exists: flightInstrumentRectX01
PASS: default CFG key exists: flightInstrumentRectX01
PASS: settings save key exists: flightInstrumentRectY01
PASS: default CFG key exists: flightInstrumentRectY01
PASS: settings save key exists: flightInstrumentRectW01
PASS: default CFG key exists: flightInstrumentRectW01
PASS: settings save key exists: flightInstrumentRectH01
PASS: default CFG key exists: flightInstrumentRectH01
PASS: FDI ALWAYS mode is enforced
PASS: ND ALWAYS mode is enforced
PASS: ND AUTO follows independent LAND demand
PASS: ND AUTO shows TERRAIN during airborne flight
PASS: ND default remains left of navball furniture
PASS: FDI default is right of the vertical gauge
PASS: custom layout is never overwritten by automatic defaults
PASS: saved positions scale with game-window width
PASS: saved sizes scale with game-window dimensions
PASS: pixel geometry is persisted as normalized geometry
PASS: recovery is limited to completely off-screen panels
PASS: fully lost panels are safely recovered
PASS: user layout is not collision-repositioned
PASS: mouse interaction retained: EventType.MouseDown
PASS: mouse interaction retained: EventType.MouseDrag
PASS: mouse interaction retained: EventType.MouseUp
PASS: mouse interaction retained: PanelInteraction.Move
PASS: mouse interaction retained: PanelInteraction.Resize
PASS: mouse interaction retained: ResizeGripRect(rect)
PASS: mouse interaction retained: PersistPanelRect(kind, rect, false)
PASS: mouse interaction retained: PersistPanelRect(kind, rect, true)
PASS: mouse interaction retained: GUIUtility.hotControl
PASS: layout interaction has no flight-control write: FlightCtrlState
PASS: layout interaction has no flight-control write: SetArmed
PASS: layout interaction has no flight-control write: TargetBank
PASS: layout interaction has no flight-control write: TargetHeading
PASS: layout interaction has no flight-control write: MainThrottle
PASS: resizing has minimum usable dimensions
PASS: dedicated resize grip is drawn
PASS: FDI has a fixed panel title bar
PASS: FDI and ND both use an inset viewport
PASS: both panels restore GUI background state
PASS: FDI AUTO/ALWAYS selector exists
PASS: ND AUTO/ALWAYS selector exists
PASS: options expose only AUTO and ALWAYS
PASS: FDI layout reset exists
PASS: ND layout reset exists
PASS: mouse layout instructions are visible
PASS: ND draw no longer depends on obsolete visibility bool
PASS: reference resolution reconstructs 380x244 defaults
PASS: normalized size follows a 1280x720 game window
[v0.16.3.0 FDI/ND user-layout UI] 79/79 PASS

